id,media_url,Photo,Photo_execution_time
1296476570702487554,http://pbs.twimg.com/media/Ef4ChezX0AAtO9P.png,0.950896382331848,0.0358129153178343
1296476565535182848,http://pbs.twimg.com/media/Ef4CkMJX0AA1Hhs.jpg,8.608462900849823e-12,0.0358129153178343
1296476565249949696,http://pbs.twimg.com/media/Ef4CkBBXoAMne8W.jpg,0.4513639509677887,0.0358129153178343
1296476564998295554,http://pbs.twimg.com/media/Ef4CkNQXgAAPJUL.jpg,0.9388086199760436,0.0358129153178343
1296476560074182656,http://pbs.twimg.com/media/Ef4Ci_zUMAQOFk2.jpg,0.4998312592506408,0.0358129153178343
1296476559663128576,http://pbs.twimg.com/media/Ef4CjlDXsAIxA8z.jpg,8.108300244202837e-05,0.0358129153178343
1296476558631342085,http://pbs.twimg.com/media/Ef4CirYXsAAlYgu.jpg,0.9897298812866212,0.0358129153178343
1296476558287306752,http://pbs.twimg.com/media/Ef4CjtrXsAIopAp.jpg,0.6798486709594727,0.0358129153178343
1296476558157402119,http://pbs.twimg.com/media/Ef4CcN3UwAE28KQ.jpg,1.1147672784872498e-09,0.0358129153178343
1296476555582025730,http://pbs.twimg.com/media/Ef3-SoKXoAYsoA5.jpg,0.0074233920313417,0.0358129153178343
1296476554315403268,http://pbs.twimg.com/media/Ef4CiPRXoAIVfNQ.jpg,0.0005115211242809,0.0358129153178343
1296476548942508032,http://pbs.twimg.com/media/Ef4CjJ_WoAAfT_M.jpg,0.0133592253550887,0.0358129153178343
1296476548271308803,http://pbs.twimg.com/media/Ef4CjLWXkAE_fp6.jpg,0.0249477047473192,0.0358129153178343
1296476543955410950,http://pbs.twimg.com/media/Ef4CgT_XkAQcOVh.jpg,2.924621655964188e-09,0.0358129153178343
1296476542944632833,http://pbs.twimg.com/media/Ef4Ci5KWoAAAWGN.jpg,0.9984014630317688,0.0358129153178343
1296476542395129856,http://pbs.twimg.com/media/Ef4BU6oWAAAN6AS.jpg,0.0118282856419682,0.0358129153178343
1296476542235824128,http://pbs.twimg.com/media/Ef32Y5uWoAYfHCV.jpg,7.330396329052746e-05,0.0358129153178343
1296476538020519939,http://pbs.twimg.com/media/Ef4BqyfWAAECILD.jpg,2.203402083011952e-08,0.0358129153178343
1296476533067001859,http://pbs.twimg.com/media/Ef4Ch-sXsAU1bDv.jpg,0.3874843716621399,0.0358129153178343
1296476531750064139,http://pbs.twimg.com/media/Ef4CiHtXgAAsC0E.jpg,0.0204849913716316,0.0358129153178343
1296476527270547456,http://pbs.twimg.com/tweet_video_thumb/Ef4ChgBWsAgcwvw.jpg,0.3137561976909637,0.0358129153178343
1296476526385528834,http://pbs.twimg.com/media/Ef4Ch1pUEAURKzp.jpg,0.1003596037626266,0.0358129153178343
1296476520265986048,http://pbs.twimg.com/media/Ef4ChkbWsAE-p_9.jpg,4.500677164287481e-09,0.0358129153178343
1296476515824173058,http://pbs.twimg.com/media/Ef4ChQBXgAIUh8b.jpg,2.8583350797362076e-08,0.0358129153178343
1296476514058371074,http://pbs.twimg.com/media/Ef4CgZ_UwAEU6u4.jpg,0.9678847789764404,0.0358129153178343
1296476507032911874,http://pbs.twimg.com/media/Ef4Cf4xX0AI7Jts.jpg,0.9747888445854188,0.0358129153178343
1296476506420662274,http://pbs.twimg.com/media/Ef3umgWWsAAIpB3.jpg,3.0929592753636825e-07,0.0358129153178343
1296476506131136512,http://pbs.twimg.com/media/Ef4CQzxVAAAIODE.jpg,0.988464057445526,0.0358129153178343
1296476505200111616,http://pbs.twimg.com/media/Ef4CgW0WAAAddlh.jpg,0.9667437672615052,0.0358129153178343
1296476502276612098,http://pbs.twimg.com/media/Ef4CgdqU4AEWKzd.jpg,0.0109344543889164,0.0358129153178343
1296476498745069570,http://pbs.twimg.com/media/Ef4BhioUwAUpdWs.jpg,0.9349254965782166,0.0358129153178343
1296476496098459648,http://pbs.twimg.com/media/Ef4CfiNWAAE_WwI.jpg,0.9807764887809752,0.0602267163420288
1296476492940148736,http://pbs.twimg.com/media/Ef4CfgBXoAAYgh8.jpg,0.9611822962760924,0.0602267163420288
1296476492021596160,http://pbs.twimg.com/media/Ef4CfvvXsAEMOSB.jpg,0.972682774066925,0.0602267163420288
1296476489555283969,http://pbs.twimg.com/media/Ef4CbZUXYAYbNJm.jpg,0.5852296352386475,0.0602267163420288
1296476488276074500,http://pbs.twimg.com/media/Ef4CfsZXsAAVxJc.jpg,0.0702357441186904,0.0602267163420288
1296476488011862016,http://pbs.twimg.com/media/Ef2KGpGUwAI7seu.jpg,0.0033464960288256,0.0602267163420288
1296476486044704768,http://pbs.twimg.com/media/Ef4Cb9TXkAEVO2p.jpg,2.019671455855132e-06,0.0602267163420288
1296476484320866304,http://pbs.twimg.com/media/Ef4CZG3WAAMpy7P.jpg,1.345957940657172e-07,0.0602267163420288
1296476482357866497,http://pbs.twimg.com/media/Ef4CTVIWoAEqoGx.jpg,0.5425196290016174,0.0602267163420288
1296476475336658946,http://pbs.twimg.com/media/Ef4Ce8rWoAQsXAY.jpg,1.4862032493567769e-08,0.0602267163420288
1296476465052241922,http://pbs.twimg.com/tweet_video_thumb/Ef4Cd6_WkAsUeHb.jpg,0.9890612363815308,0.0602267163420288
1296476463743590401,http://pbs.twimg.com/media/Ef4CeR9XoAgFwR3.jpg,0.8033847212791443,0.0602267163420288
1296476463374438401,http://pbs.twimg.com/tweet_video_thumb/Ef4CdqTXYAA2WiM.jpg,0.6119219064712524,0.0602267163420288
1296476462661410823,http://pbs.twimg.com/media/Ef4Cc2zWoAMcPsf.jpg,0.9747542142868042,0.0602267163420288
1296476460887220225,http://pbs.twimg.com/media/Ef4CeGvWoAAW1wx.jpg,2.906589725848452e-11,0.0602267163420288
1296476460413313024,http://pbs.twimg.com/media/Ef4CY4sXkAEFon-.jpg,0.0053161596879363,0.0602267163420288
1296476458832068609,http://pbs.twimg.com/media/Ef4CWNlU0AATnFS.jpg,2.3622060751904428e-08,0.0602267163420288
1296476455669563396,http://pbs.twimg.com/media/Ef4CdxbXsAIuVqr.png,0.001568038132973,0.0602267163420288
1296476454268567553,http://pbs.twimg.com/media/Ef4CdwhX0AAshvs.jpg,9.671354916918062e-08,0.0602267163420288
1296476451559084037,http://pbs.twimg.com/media/Ef4CdkPWoAIop4-.jpg,0.9592357873916626,0.0602267163420288
1296476449306824705,http://pbs.twimg.com/media/Ef4CcD5XoAYSUoB.jpg,2.685234676391701e-06,0.0602267163420288
1296476444168724481,http://pbs.twimg.com/tweet_video_thumb/Ef4Cc8RUcAAymzx.jpg,0.9744116067886353,0.0602267163420288
1296476442574893056,http://pbs.twimg.com/media/Ef4CV9AXsAEdGaH.jpg,0.138946995139122,0.0602267163420288
1296476440658161664,http://pbs.twimg.com/media/Ef4CctqWsAUh2zi.jpg,0.996382474899292,0.0602267163420288
1296476439991275520,http://pbs.twimg.com/media/Ef4CcmjWAAUqEyE.jpg,0.9142594933509828,0.0602267163420288
1296476432776990723,http://pbs.twimg.com/tweet_video_thumb/Ef4CcGMXsAA0-be.jpg,0.9486642479896544,0.0602267163420288
1296476429081878533,http://pbs.twimg.com/media/Ef4CJsYXoAEaVW1.png,1.0757818813544873e-07,0.0602267163420288
1296476428515647493,http://pbs.twimg.com/media/Ef4CcQfXgAA_waZ.jpg,3.031158257726929e-07,0.0602267163420288
1296476424132603907,http://pbs.twimg.com/media/Ef4Cbn9XoAUpmWW.jpg,9.044460966833868e-07,0.0602267163420288
1296476409263775746,http://pbs.twimg.com/media/Ef4CUUQXsAALzRa.jpg,0.9804671406745912,0.0378937633493198
1296476407795769346,http://pbs.twimg.com/media/Ef4Ca_nWkAAlmC4.jpg,2.6771360128741146e-10,0.0378937633493198
1296476405329469444,http://pbs.twimg.com/media/Ef4Bi_7WkAcf1W3.jpg,0.9834362268447876,0.0378937633493198
1296476404897533953,http://pbs.twimg.com/media/Ef4BOhQXoAEa5I2.jpg,4.10103803005768e-06,0.0378937633493198
1296476398643748864,http://pbs.twimg.com/media/Ef4CaSiWoAYoE8G.jpg,2.976892898853833e-10,0.0378937633493198
1296476396638920711,http://pbs.twimg.com/tweet_video_thumb/Ef4CaGmWkAIEOC-.jpg,0.3189921081066131,0.0378937633493198
1296476392415268864,http://pbs.twimg.com/media/Ef4CZtmUwAEBBfk.jpg,0.0098723154515028,0.0378937633493198
1296476387893747713,http://pbs.twimg.com/media/Ef4CZ0mXYAMNRvQ.jpg,0.9954082369804382,0.0378937633493198
1296476387000426499,http://pbs.twimg.com/tweet_video_thumb/Ef4CZmsXYAErUVr.jpg,0.9928770661354064,0.0378937633493198
1296476384706146309,http://pbs.twimg.com/media/Ef4CZtgXoAAKs-m.png,5.332677028491162e-05,0.0378937633493198
1296476382864842752,http://pbs.twimg.com/media/Ef4CZjIXoAAp7KJ.jpg,4.996087987763076e-09,0.0378937633493198
1296476375612825603,http://pbs.twimg.com/media/Ef4BoKhXoAgYFTE.png,0.987037181854248,0.0378937633493198
1296476371053694979,http://pbs.twimg.com/media/Ef4CUmbVoAALCyh.jpg,0.8852068781852722,0.0378937633493198
1296476368604192769,http://pbs.twimg.com/media/Ef4CYwwXgAE4KMH.png,2.9004835596424527e-05,0.0378937633493198
1296476368075722752,http://pbs.twimg.com/media/Ef4CX79XsAI8zyP.png,1.474358441555523e-06,0.0378937633493198
1296476367924715522,http://pbs.twimg.com/media/Ef4CYs8XsAEBZyi.jpg,0.9730473160743712,0.0378937633493198
1296476366230224903,http://pbs.twimg.com/media/Ef4CYnUXoAMSz38.jpg,0.0002841208188328,0.0378937633493198
1296476366012133382,http://pbs.twimg.com/media/Ef4CYGQWkAExkR5.jpg,0.0021180985495448,0.0378937633493198
1296476363881435136,http://pbs.twimg.com/media/Ef4CYXcXgAEYc2V.jpg,2.3288133377263878e-07,0.0378937633493198
1296476352464420870,http://pbs.twimg.com/media/Ef4CXv-U4AApyJJ.jpg,1.2062161047765585e-08,0.0378937633493198
1296476351264849922,http://pbs.twimg.com/media/Ef4CXPzXgAAm0ks.jpg,0.0607353113591671,0.0378937633493198
1296476349436243969,http://pbs.twimg.com/media/Ef4BhMUXsAA8bGa.jpg,0.9512166976928712,0.0378937633493198
1296476349419458560,http://pbs.twimg.com/media/Ef4CXWDXgAEcp17.jpg,2.1193109489558995e-07,0.0378937633493198
1296476347586445312,http://pbs.twimg.com/media/Ef4CXOPWkAEGPWJ.jpg,0.2455054670572281,0.0378937633493198
1296476343786504193,http://pbs.twimg.com/media/Ef4CXOgX0AE9Qwp.jpg,2.572739106199151e-07,0.0378937633493198
1296476336052228097,http://pbs.twimg.com/media/Ef4CSjSU4AA1VJs.jpg,2.8741410293409156e-11,0.0378937633493198
1296476335758544897,http://pbs.twimg.com/media/Ef4CWyAXgAIBm-w.jpg,1.9529318162625486e-09,0.0378293087533502
1296476334852456448,http://pbs.twimg.com/media/Ef39yFAWoAIF65f.png,0.0012492387322708,0.0378293087533502
1296476330960343045,http://pbs.twimg.com/media/Ef4B4p4WsAIyo47.jpg,0.8281009793281555,0.0378293087533502
1296476320835276801,http://pbs.twimg.com/tweet_video_thumb/Ef4CVsdWkAASvg7.jpg,0.973719835281372,0.0378293087533502
1296476311607803906,http://pbs.twimg.com/media/Ef4CUAOWAAYBv-r.jpg,6.211034633452073e-05,0.0378293087533502
1296476311335174145,http://pbs.twimg.com/media/Ef4CVBJUEAAdMso.jpg,5.771203746007814e-07,0.0378293087533502
1296476303659606016,http://pbs.twimg.com/media/Ef4CTxrXgAM2eGb.jpg,0.9377819895744324,0.0378293087533502
1296476303319867396,http://pbs.twimg.com/media/Ef4CU6NXgAMvkHf.png,0.0357665382325649,0.0378293087533502
1296476301952536577,http://pbs.twimg.com/media/Ef4CPIiXkAAaM6b.jpg,0.977985382080078,0.0378293087533502
1296476301126238211,http://pbs.twimg.com/media/Ef4CNt5UcAAm67A.jpg,3.4078368571499595e-08,0.0378293087533502
1296476297472937986,http://pbs.twimg.com/media/Ef4AhV2WoAc2vl5.jpg,0.0002342697989661,0.0378293087533502
1296476295422005249,http://pbs.twimg.com/media/Ef4CBYBXkAELuAo.jpg,9.005647734738886e-05,0.0378293087533502
1296476295157735424,http://pbs.twimg.com/media/Ef4BypxXgAMtaN1.jpg,0.9859229326248168,0.0378293087533502
1296476292087459842,http://pbs.twimg.com/media/Ef4CUMEWAAErKOh.jpg,0.9759669899940492,0.0378293087533502
1296476287951929344,http://pbs.twimg.com/media/Ef4CT0RWAAQgZ9N.jpg,0.0043283319100737,0.0378293087533502
1296476286391586822,http://pbs.twimg.com/media/Ef4CTrdXgA8Bg8L.jpg,0.9854646325111388,0.0378293087533502
1296476285473042437,http://pbs.twimg.com/media/Ef4CT51XgAIDBCk.png,0.9347602725028992,0.0378293087533502
1296476276912521220,http://pbs.twimg.com/media/Ef4CSN6XkAA7_-s.jpg,0.4539102613925934,0.0378293087533502
1296476271673839621,http://pbs.twimg.com/media/Ef4BHJHXoAI-v3D.png,0.2321536689996719,0.0378293087533502
1296476270830772231,http://pbs.twimg.com/media/Ef4CShjUEAEqqNV.jpg,0.952805995941162,0.0378293087533502
1296476263763390464,http://pbs.twimg.com/media/Ef4CRnyWoAIqBhV.jpg,9.626450037103497e-08,0.0378293087533502
1296476253227225089,http://pbs.twimg.com/media/Ef4CQgAWoAIUj0S.jpg,0.1054233536124229,0.0378293087533502
1296476251058851842,http://pbs.twimg.com/media/Ef4CRonX0AIgcwO.jpg,0.9926837086677552,0.0378293087533502
1296476247845986312,http://pbs.twimg.com/media/Ef4CRoUWsAEgbQ-.jpg,3.703360926010646e-05,0.0378293087533502
1296476244171804680,http://pbs.twimg.com/media/Ef4CRWmXkAA-i8k.jpg,2.3612939381578707e-10,0.0378293087533502
1296476243265806337,http://pbs.twimg.com/media/Ef4COBAWsAAZOS6.jpg,1.1302899110887664e-05,0.0378293087533502
1296476241445433345,http://pbs.twimg.com/media/Ef4CRUSXoAIUGYG.jpg,0.9968774318695068,0.0378293087533502
1296476232499048448,http://pbs.twimg.com/media/Ef4CQuFWoAEu50A.jpg,0.0052403672598302,0.0616356511279169
1296476230800347139,http://pbs.twimg.com/media/Ef4CQunU8AAvbuf.jpg,0.9751807451248168,0.0616356511279169
1296476230280241152,http://pbs.twimg.com/media/Ef4CQjdX0AI4t35.jpg,3.912259489879944e-05,0.0616356511279169
1296476228434657281,http://pbs.twimg.com/media/Ef4CPzjWsAA8gao.jpg,0.0091975508257746,0.0616356511279169
1296476226450751498,http://pbs.twimg.com/media/Ef4CQeAUwAs35Cm.jpg,0.3217025697231293,0.0616356511279169
1296476224315940866,http://pbs.twimg.com/media/Ef4CQYzXYAM45wc.jpg,0.0009043024037964,0.0616356511279169
1296476222961201162,http://pbs.twimg.com/media/Ef4CQOmUwAA_SVq.jpg,0.9987597465515136,0.0616356511279169
1296476222931841030,http://pbs.twimg.com/media/Ef4CQRIVAAAY24x.jpg,0.996156632900238,0.0616356511279169
1296476222864728066,http://pbs.twimg.com/media/Ef4CQPYVoAEcd0c.jpg,0.8879601955413818,0.0616356511279169
1296476221971341314,http://pbs.twimg.com/media/Ef4CQN3UwAUuvqf.jpg,0.1010943874716758,0.0616356511279169
1296476221015052289,http://pbs.twimg.com/media/Ef4CQKQU8AARkNz.jpg,2.834117185557261e-05,0.0616356511279169
1296476220796870656,http://pbs.twimg.com/media/Ef4COxfXYAQZp60.png,2.6904363181756707e-09,0.0616356511279169
1296476218188062723,http://pbs.twimg.com/media/Ef4COxQXoAETYKS.jpg,5.714671829082363e-07,0.0616356511279169
1296476214769659905,http://pbs.twimg.com/media/Ef4CMTcWkAIEOqd.jpg,5.387480541685363e-07,0.0616356511279169
1296476208352436225,http://pbs.twimg.com/media/Ef4CPdJXkAE4qGH.jpg,0.0003649061254691,0.0616356511279169
1296476206066540544,http://pbs.twimg.com/media/Ef4CARiXYAAQIml.jpg,1.4229610545424262e-10,0.0616356511279169
1296476205689036802,http://pbs.twimg.com/media/Ef4CPMlVoAEeaBy.jpg,0.0042795110493898,0.0616356511279169
1296476200165048323,http://pbs.twimg.com/media/Ef4AV0gXoAEDlnx.jpg,2.1667126929969527e-05,0.0616356511279169
1296476199221374977,http://pbs.twimg.com/media/Ef4COzjUEAAPiEf.jpg,1.6371950906091115e-08,0.0616356511279169
1296476198063808513,http://pbs.twimg.com/media/Ef4COxsXYAAHFaK.png,0.0008007864234969,0.0616356511279169
1296476180913238019,http://pbs.twimg.com/media/Ef4CExHUMAEkAln.jpg,1.1001036909874529e-05,0.0616356511279169
1296476172667236357,http://pbs.twimg.com/media/Ef4CM_FXsAUNIwf.jpg,1.3634712558996398e-05,0.0616356511279169
1296476171496980482,http://pbs.twimg.com/media/Ef4CJsAXkAAe8k5.jpg,0.4366727471351623,0.0616356511279169
1296476170058440706,http://pbs.twimg.com/tweet_video_thumb/Ef4CMfVUMAESPxd.jpg,0.6810249090194702,0.0616356511279169
1296476168942739457,http://pbs.twimg.com/media/Ef4CMYDXsAUPfFC.jpg,0.9550808668136596,0.0616356511279169
1296476168359682048,http://pbs.twimg.com/media/Ef4CEpBWoAcUKSu.jpg,0.9922227263450624,0.0616356511279169
1296476166954647552,http://pbs.twimg.com/media/Ef4CNBfXkAMOtwp.jpg,0.0149631155654788,0.0616356511279169
1296476165729849345,http://pbs.twimg.com/media/Ef4CMxCUwAAhX5F.jpg,0.006453912705183,0.0616356511279169
1296476165541179393,http://pbs.twimg.com/media/Ef4CM12WkAEo9a8.jpg,5.445631813927321e-06,0.0616356511279169
1296476161275564032,http://pbs.twimg.com/media/Ef4CMkuXgAEf1xJ.jpg,0.8364412188529968,0.0373780932759159
1296476158427639811,http://pbs.twimg.com/media/Ef4CMS6XoAEhuid.jpg,0.964431643486023,0.0373780932759159
1296476156938657792,http://pbs.twimg.com/media/Ef4CMHvWkAMggc4.jpg,0.0003063316107727,0.0373780932759159
1296476153532874753,http://pbs.twimg.com/media/Ef4CMJGU4AAy9ip.jpg,0.986946940422058,0.0373780932759159
1296476142493470720,http://pbs.twimg.com/media/Ef4CLLjWsAQ-Jlc.jpg,0.0004647875612135,0.0373780932759159
1296476136038371331,http://pbs.twimg.com/media/Ef4B7egX0AUCTmE.jpg,0.6267848014831543,0.0373780932759159
1296476129868554242,http://pbs.twimg.com/media/Ef4CKuRU8AIhn7F.jpg,0.9914860129356384,0.0373780932759159
1296476125451956224,http://pbs.twimg.com/media/Ef4CKjeU0AERQkc.jpg,0.9603738188743592,0.0373780932759159
1296476109417185280,http://pbs.twimg.com/media/Ef4CJm7WkAEtIgN.jpg,0.9661721587181092,0.0373780932759159
1296476108389482497,http://pbs.twimg.com/media/Ef4CJOHWsAAsT5P.jpg,0.0179387368261814,0.0373780932759159
1296476107127095297,http://pbs.twimg.com/media/Ef4CJh2WAAAToq1.jpg,1.244374470843468e-05,0.0373780932759159
1296476105155715073,http://pbs.twimg.com/media/Ef4CJYQXgAMI4R2.jpg,0.9694119691848756,0.0373780932759159
1296476098998542338,http://pbs.twimg.com/media/Ef4CI7XU0AAxLVh.jpg,0.9935327768325806,0.0373780932759159
1296476097417293826,http://pbs.twimg.com/media/Ef4CIAUWsAAyS0x.png,1.547766714793397e-08,0.0373780932759159
1296476094858657793,http://pbs.twimg.com/media/Ef4CIzGVoAAeITE.jpg,0.9120718836784364,0.0373780932759159
1296476093017395206,http://pbs.twimg.com/media/Ef4BA3aXkAMYOfq.jpg,3.181313877576031e-05,0.0373780932759159
1296476091029356544,http://pbs.twimg.com/media/Ef4B7eyXYA07IJJ.jpg,3.884661481379226e-09,0.0373780932759159
1296476089808834560,http://pbs.twimg.com/media/Ef4CHbBWkAI56XE.jpg,0.9863337874412536,0.0373780932759159
1296476086495334405,http://pbs.twimg.com/media/Ef4B0f0WsAg1Vvk.png,0.0075972364284098,0.0373780932759159
1296476083542523904,http://pbs.twimg.com/media/Ef4CIIiWkAEeBLe.jpg,7.5157055107411e-05,0.0373780932759159
1296476083127087104,http://pbs.twimg.com/media/Edpj7PTUwAAkWxd.png,5.323603318174719e-07,0.0373780932759159
1296476083064320007,http://pbs.twimg.com/media/Ef36Jq8UEAE4fiZ.jpg,0.0094290636479854,0.0373780932759159
1296476083043340289,http://pbs.twimg.com/media/Eft4JpAVAAI9lje.png,7.010902969284415e-10,0.0373780932759159
1296476083026636800,http://pbs.twimg.com/media/Eev0RT3WkAExhER.png,0.8919895887374878,0.0373780932759159
1296476081235595264,http://pbs.twimg.com/media/Ef4CH1eXoAAikh_.jpg,0.0132895354181528,0.0373780932759159
1296476074390491138,http://pbs.twimg.com/media/Ef4CHmWWoAAgpng.jpg,0.9885805249214172,0.0373780932759159
1296476073824321542,http://pbs.twimg.com/tweet_video_thumb/Ef4B7AaXYAAxuaN.jpg,0.9884093999862672,0.0373780932759159
1296476072205266953,http://pbs.twimg.com/media/Ef4BCVJWAAIeHea.jpg,3.693768348966842e-07,0.0373780932759159
1296476067398660096,http://pbs.twimg.com/media/Ef4ByluXoAASKaf.jpg,0.1929410248994827,0.0373780932759159
1296476067394400257,http://pbs.twimg.com/media/Ef4CHLqVAAE6wtp.jpg,0.0466822646558284,0.0372905547940923
1296476062818459650,http://pbs.twimg.com/media/Ef4B8iOWoAAIGHz.png,0.0022766147740185,0.0372905547940923
1296476056665423872,http://pbs.twimg.com/media/Ef4CGi4WsAIlL0S.jpg,0.5347287654876709,0.0372905547940923
1296476054983454729,http://pbs.twimg.com/media/Ef4CA4fWAAIAkwi.jpg,0.9769133925437928,0.0372905547940923
1296476051296661505,http://pbs.twimg.com/media/Ef4CDxJXYAQtqRA.jpg,0.0001225183950737,0.0372905547940923
1296476043314900994,http://pbs.twimg.com/media/Ef4CBgoWoAEeq8O.jpg,0.9777103066444396,0.0372905547940923
1296476042102747136,http://pbs.twimg.com/media/Ef4CFbOXkAY6fTm.jpg,0.5365492105484009,0.0372905547940923
1296476037208047619,http://pbs.twimg.com/media/Ef4CFeSXoAAZHgi.jpg,0.830951452255249,0.0372905547940923
1296476035568017409,http://pbs.twimg.com/tweet_video_thumb/Ef4CFCoWoAIBH23.jpg,0.9731760025024414,0.0372905547940923
1296476028542554112,http://pbs.twimg.com/media/Ef4CEkmWAAU103u.jpg,0.9981744289398192,0.0372905547940923
1296476026671947776,http://pbs.twimg.com/media/Ef4CB4OWoAA3f2i.jpg,1.4871525308990383e-06,0.0372905547940923
1296476025078022146,http://pbs.twimg.com/media/Ef4CEpjXgAElZXk.jpg,2.5794339997275983e-09,0.0372905547940923
1296476023232638976,http://pbs.twimg.com/media/Ef4CDVHXsAAuvA8.jpg,0.5154403448104858,0.0372905547940923
1296476022364307457,http://pbs.twimg.com/media/Ef4CEdBWsAU_7Nk.jpg,0.9532997608184814,0.0372905547940923
1296476021009547268,http://pbs.twimg.com/media/Ef4CETxXgAMGB0T.jpg,0.0011438347864896,0.0372905547940923
1296476017318596615,http://pbs.twimg.com/media/Ef4BuHKWsAIj3Q9.jpg,0.9814234375953674,0.0372905547940923
1296476015364014081,http://pbs.twimg.com/media/Ef4CDTCWsAUL9yr.jpg,0.9903303384780884,0.0372905547940923
1296476015229837312,http://pbs.twimg.com/media/Ef4CEHOWAAY49BE.jpg,4.135444875430494e-09,0.0372905547940923
1296476009718587393,http://pbs.twimg.com/media/Ef4CDzhXoAMtYaS.jpg,0.0005484146531671,0.0372905547940923
1296476008921600001,http://pbs.twimg.com/media/Ef4CDfeVoAAvbpL.jpg,2.0192546799080446e-05,0.0372905547940923
1296476008254779392,http://pbs.twimg.com/media/Ef4CDfYU8AAe5e1.png,0.0001355125132249,0.0372905547940923
1296476007319437318,http://pbs.twimg.com/media/Ef4BnooXsAI3lwX.jpg,2.111244248226285e-05,0.0372905547940923
1296476000566550528,http://pbs.twimg.com/media/Ef4B-rEXoAEBR7G.jpg,0.2990938723087311,0.0372905547940923
1296475987618803714,http://pbs.twimg.com/media/Ef4B_09U0AESy7n.jpg,0.9905210733413696,0.0372905547940923
1296475987341971456,http://pbs.twimg.com/media/Ef4CCdYWoAMatrl.jpg,2.595542355265934e-05,0.0372905547940923
1296475984456228866,http://pbs.twimg.com/media/Ef4B_0yUwAA3tlD.jpg,0.990552306175232,0.0372905547940923
1296475984162627584,http://pbs.twimg.com/media/Ef4CCTFXoAAOwtG.jpg,4.3061678667299936e-08,0.0372905547940923
1296475983990730752,http://pbs.twimg.com/media/Ef4CB4OU0AI56ke.jpg,0.9835874438285828,0.0372905547940923
1296475981583134722,http://pbs.twimg.com/media/Ef4CCJkWkAA404A.jpg,0.9870697259902954,0.0372905547940923
1296475977573433347,http://pbs.twimg.com/media/Ef4CB6CXoAUhsBc.jpg,0.1899486929178238,0.0372905547940923
1296475971911127043,http://pbs.twimg.com/media/Ef4CBh9UcAAzii3.jpg,6.350035608448934e-09,0.0372905547940923
1296475971902726145,http://pbs.twimg.com/media/Ef4BfWSXYAQZ30J.jpg,0.954526424407959,0.0360652258499495
1296475971567210497,http://pbs.twimg.com/media/Ef4CAxdXsAEI7t6.jpg,0.8228985667228699,0.0360652258499495
1296475970669600768,http://pbs.twimg.com/media/Ef4B5XVU8AA-pH9.jpg,0.965321958065033,0.0360652258499495
1296475968358547456,http://pbs.twimg.com/media/Ef4CBccUwAAjNFS.jpg,0.9962691068649292,0.0360652258499495
1296475968140455941,http://pbs.twimg.com/media/Ef4CBbHUMAAqeOY.jpg,0.995368242263794,0.0360652258499495
1296475967838400516,http://pbs.twimg.com/media/Ef4CBarUEAAi2pn.jpg,0.0856832265853881,0.0360652258499495
1296475962931064835,http://pbs.twimg.com/media/Ef4CAAGVoAAoAea.jpg,0.9111446142196656,0.0360652258499495
1296475962167693312,http://pbs.twimg.com/media/Ef4CA1vWoAclA1e.jpg,0.8777725696563721,0.0360652258499495
1296475959105904640,http://pbs.twimg.com/media/EbYp1_mXsAM_lqo.jpg,0.0575370639562606,0.0360652258499495
1296475956773822466,http://pbs.twimg.com/tweet_video_thumb/Ef4CAfjWkAIh3Ps.jpg,0.9912009239196776,0.0360652258499495
1296475953330360320,http://pbs.twimg.com/media/Ef4B9gBXsAEJwRj.png,0.902904748916626,0.0360652258499495
1296475949534453761,http://pbs.twimg.com/media/Ef4B7VxXsAAJ8Pt.jpg,4.534728148541944e-10,0.0360652258499495
1296475948401991680,http://pbs.twimg.com/media/Ef4CALiWoAYIK58.jpg,0.0423427820205688,0.0360652258499495
1296475947156353024,http://pbs.twimg.com/tweet_video_thumb/Ef4B_14WsAA5cKw.jpg,0.9951134324073792,0.0360652258499495
1296475944098705408,http://pbs.twimg.com/media/Ef4CABDXkAE8HHY.jpg,0.9267825484275818,0.0360652258499495
1296475939606540292,http://pbs.twimg.com/media/Ef4BbhTWoAEyNSs.jpg,2.9339032607822446e-06,0.0360652258499495
1296475937933066242,http://pbs.twimg.com/media/Ef4B_ZwWsAM-8Vp.jpg,0.0010244473814964,0.0360652258499495
1296475937501057025,http://pbs.twimg.com/media/Ef4B_exX0AAagrQ.jpg,0.972462236881256,0.0360652258499495
1296475932908310528,http://pbs.twimg.com/tweet_video_thumb/Ef4B--eWsAIX6F8.jpg,0.0019612032920122,0.0360652258499495
1296475931637362689,http://pbs.twimg.com/media/Ef4B_UHXgAEGJ6I.jpg,0.8136283755302429,0.0360652258499495
1296475930953691142,http://pbs.twimg.com/media/Ef4B-slVAAAcsS1.jpg,0.9847750067710876,0.0360652258499495
1296475928428675072,http://pbs.twimg.com/media/Ef4B-_8UwAI1mkf.jpg,2.7501311706146225e-05,0.0360652258499495
1296475917091577857,http://pbs.twimg.com/media/Ef4B-MyUYAE8Ujs.png,0.0023736367002129,0.0360652258499495
1296475916839919616,http://pbs.twimg.com/media/Ef4B92rUwAA1ads.jpg,2.920762653957354e-06,0.0360652258499495
1296475913018839040,http://pbs.twimg.com/media/Ef4B9xuVoAUlYt2.jpg,3.002235871463199e-06,0.0360652258499495
1296475912284839936,http://pbs.twimg.com/media/Ef312SqXYAAAxN-.jpg,0.9573445320129396,0.0360652258499495
1296475911697686530,http://pbs.twimg.com/media/Ef4B92fUEAALBvD.jpg,5.79965728775278e-07,0.0360652258499495
1296475911303421953,http://pbs.twimg.com/media/Ef4B-HTX0AAPJIX.jpg,1.6391704775742255e-05,0.0360652258499495
1296475910238068736,http://pbs.twimg.com/media/Ef4B9vHXsAAixeE.jpg,0.977670669555664,0.0360652258499495
1296475909927641090,http://pbs.twimg.com/media/Ef4B-BcXsAcktYq.jpg,4.967042968928581e-06,0.0360652258499495
1296475908585521155,http://pbs.twimg.com/media/Ef4B97AU4AEV29u.jpg,5.740150132993449e-09,0.0360652258499495
1296475906131755010,http://pbs.twimg.com/tweet_video_thumb/Ef4B9j2UcAEt0IE.jpg,0.0003701492096297,0.034239534934562
1296475901832691713,http://pbs.twimg.com/media/Ef4B9UQWkAMC9CZ.jpg,4.4174689151077473e-07,0.034239534934562
1296475901094494210,http://pbs.twimg.com/media/Ef4B9hKXsAM80N1.jpg,0.0308341104537248,0.034239534934562
1296475900943507457,http://pbs.twimg.com/media/Ef4B7sKWkAIVir8.jpg,1.3185326608322612e-08,0.034239534934562
1296475896208150534,http://pbs.twimg.com/media/Ef4B8XLX0AIhhQ-.jpg,0.8688569664955139,0.034239534934562
1296475895411154945,http://pbs.twimg.com/media/Ef4B8zmU4AAPgOk.jpg,0.8644616603851318,0.034239534934562
1296475892785479680,http://pbs.twimg.com/media/Ef4B9ECWoAEWINr.jpg,8.863040420692414e-05,0.034239534934562
1296475892596838400,http://pbs.twimg.com/media/Ef4B9CAWkAAbdVd.jpg,0.6607622504234314,0.034239534934562
1296475892412289024,http://pbs.twimg.com/media/Ef4BtbCXYAEzCN_.jpg,1.983941189109828e-07,0.034239534934562
1296475890122194945,http://pbs.twimg.com/media/Ef4B810WsAI7MnB.jpg,0.0261038895696401,0.034239534934562
1296475889014890502,http://pbs.twimg.com/media/Ef4B809X0AM_T04.jpg,0.9444916248321532,0.034239534934562
1296475886703857664,http://pbs.twimg.com/media/Ef4B8tBX0AERr5f.jpg,0.9685145616531372,0.034239534934562
1296475875613999104,http://pbs.twimg.com/media/Ef4B8AAWoAIgcpM.jpg,0.005909068044275,0.034239534934562
1296475874880094210,http://pbs.twimg.com/media/Ef4B8BAWAAA4I3f.jpg,0.6852945685386658,0.034239534934562
1296475873302982658,http://pbs.twimg.com/media/Ef4B7fFWoAIGOPH.jpg,0.9151630997657776,0.034239534934562
1296475872829022208,http://pbs.twimg.com/media/Ef4B7P5XYAA3Fks.jpg,7.442725324935394e-10,0.034239534934562
1296475868961951744,http://pbs.twimg.com/media/Ef4B7pXXoAA3dW7.jpg,2.4369352104258724e-05,0.034239534934562
1296475865887444992,http://pbs.twimg.com/media/Ef4B5qxWsAIFb0Z.jpg,0.998820960521698,0.034239534934562
1296475865807806466,http://pbs.twimg.com/media/Ef4B7U2XYAE48Bn.jpg,0.0254322532564401,0.034239534934562
1296475865065414659,http://pbs.twimg.com/media/Ef4B7abXkAIVtSe.jpg,0.983683168888092,0.034239534934562
1296475864750792706,http://pbs.twimg.com/media/Ef4B7bhWsAAnoAG.jpg,0.0005704780342057,0.034239534934562
1296475864113254402,http://pbs.twimg.com/media/Ef4B1iwWsAErWPk.jpg,0.2537615597248077,0.034239534934562
1296475863882637313,http://pbs.twimg.com/media/Ef4B7U7X0AkmV-d.jpg,0.987466037273407,0.034239534934562
1296475863802880001,http://pbs.twimg.com/media/Ef4B7YcWAAcysD9.jpg,0.9645149111747742,0.034239534934562
1296475863505149959,http://pbs.twimg.com/media/Ef4B7O9XYAEsApU.jpg,0.335281640291214,0.034239534934562
1296475860401365001,http://pbs.twimg.com/media/Ef4B6xbXsAAwcWW.jpg,0.2367615699768066,0.034239534934562
1296475860254576640,http://pbs.twimg.com/media/Ef4B7MJXgAYklhq.jpg,8.534819517791448e-10,0.034239534934562
1296475858035773441,http://pbs.twimg.com/media/Ef4B66kVAAENZQs.jpg,0.1283752024173736,0.034239534934562
1296475856282492929,http://pbs.twimg.com/media/Ef4B6s_XkAIPx8i.jpg,0.9758533239364624,0.034239534934562
1296475854390857730,http://pbs.twimg.com/media/Ef4B6BdXgAAATHp.jpg,0.9807985424995422,0.034239534934562
1296475854298656768,http://pbs.twimg.com/media/Ef4B6ymXgAQwSs5.jpg,8.20801687950734e-06,0.034239534934562
1296475853875019776,http://pbs.twimg.com/media/Ef4B6xkXYAAJq-I.jpg,0.0070862481370568,0.057884419352437
1296475853258395649,http://pbs.twimg.com/media/Ef4B6xcXoAAZqGt.jpg,0.9977688789367676,0.057884419352437
1296475852415393797,http://pbs.twimg.com/media/Ef4B6ueWAAERK_D.jpg,0.9961244463920592,0.057884419352437
1296475852293758982,http://pbs.twimg.com/media/Ef4B6c1U8AE-DK8.png,0.0059431842528283,0.057884419352437
1296475852180520963,http://pbs.twimg.com/media/Ef4B6s5X0AIhRY_.jpg,0.7476252317428589,0.057884419352437
1296475851907792898,http://pbs.twimg.com/media/Ef4B6raXgAIFCB1.jpg,0.0968839526176452,0.057884419352437
1296475851169636354,http://pbs.twimg.com/media/Ef4B6g4WAAIfp-P.jpg,0.0009306481224484,0.057884419352437
1296475850922131463,http://pbs.twimg.com/media/Ef4B6nIXYAE7itY.jpg,5.68341533835337e-07,0.057884419352437
1296475848887984129,http://pbs.twimg.com/media/Ef4B6C7XoAEwiYC.jpg,9.117373878098078e-08,0.057884419352437
1296475846811811841,http://pbs.twimg.com/media/Ef4B6VKXoAo-d7m.jpg,1.598571941485716e-07,0.057884419352437
1296475845205336065,http://pbs.twimg.com/media/Ef4B6R9UcAAJuqH.jpg,0.0012087702052667,0.057884419352437
1296475843766689795,http://pbs.twimg.com/media/Ef4B6KeX0AEhIsJ.jpg,0.8708626627922058,0.057884419352437
1296475842529366017,http://pbs.twimg.com/media/Ef4B6IHXoAAhEwk.png,0.2792310416698456,0.057884419352437
1296475841652826114,http://pbs.twimg.com/media/Ef4B6FhXYAI8wcj.jpg,0.9941924214363098,0.057884419352437
1296475841069801472,http://pbs.twimg.com/media/Ef4B6CzWoAAZVH7.jpg,0.9950146079063416,0.057884419352437
1296475840839143427,http://pbs.twimg.com/media/Ef4B6AyXoAAJnKY.jpg,0.9846116900444032,0.057884419352437
1296475839635369985,http://pbs.twimg.com/media/Ef4B59gWoAY2PYF.jpg,0.8535598516464233,0.057884419352437
1296475838918074368,http://pbs.twimg.com/media/Ef4B565XoAA-uzj.jpg,0.9586505889892578,0.057884419352437
1296475838800699397,http://pbs.twimg.com/media/Ef4B51pVAAA3Ht4.jpg,0.8603271842002869,0.057884419352437
1296475834237308930,http://pbs.twimg.com/media/Ef4BoF3XYAADOUO.jpg,2.647590520155063e-07,0.057884419352437
1296475831599079425,http://pbs.twimg.com/media/Ef3601aXkAISXje.jpg,0.98769348859787,0.057884419352437
1296475831573704704,http://pbs.twimg.com/media/EcV2Y0FWkAAAzGv.jpg,1.5915507901809178e-05,0.057884419352437
1296475831556902912,http://pbs.twimg.com/media/EewHpPmXgAAdkWq.jpg,3.3765157780862864e-08,0.057884419352437
1296475831510814720,http://pbs.twimg.com/media/Efo8OhTWAAAx1d_.jpg,1.3943225241064285e-08,0.057884419352437
1296475831448088584,http://pbs.twimg.com/media/EepbRdEWAAAOBMg.jpg,0.6059218645095825,0.057884419352437
1296475831401938945,http://pbs.twimg.com/media/Ef3QekaWsAgnt1q.jpg,2.7618673570373176e-08,0.057884419352437
1296475830550507520,http://pbs.twimg.com/media/Ef4B5NcXgAIW07M.jpg,1.0493632629504647e-07,0.057884419352437
1296475828977639426,http://pbs.twimg.com/media/Ef4BX56XkAcVC9x.jpg,0.9713538289070128,0.057884419352437
1296475826494623746,http://pbs.twimg.com/media/Ef4B5HbXoAQ7Usk.jpg,5.159030820323096e-07,0.057884419352437
1296475822623260675,http://pbs.twimg.com/media/Ef4B4nOXsAE6JBV.jpg,0.8159886598587036,0.057884419352437
1296475814867894273,http://pbs.twimg.com/media/Ef3_yW7UYAE3SW4.jpg,2.874948677344946e-06,0.03573186872527
1296475812250759168,http://pbs.twimg.com/media/Ef4Bcq5XsAAADzh.jpg,0.0021832317579537,0.03573186872527
1296475808152911872,http://pbs.twimg.com/media/Ef4BmirWAAEvVWp.jpg,0.9566846489906312,0.03573186872527
1296475807754399744,http://pbs.twimg.com/media/Ef4B34pU8AEDCss.jpg,0.9950998425483704,0.03573186872527
1296475806890328065,http://pbs.twimg.com/media/Ef4Bih9WoAAoHPZ.jpg,0.0087665328755974,0.03573186872527
1296475801802739713,http://pbs.twimg.com/media/Ef4B1ZVUcAY_p-W.jpg,0.0057221697643399,0.03573186872527
1296475801022607361,http://pbs.twimg.com/media/Ef4B3TIUwAEWHXo.jpg,1.585287279226577e-08,0.03573186872527
1296475799453937667,http://pbs.twimg.com/media/Ef4BjVOWkAMwJw5.jpg,0.0239524133503437,0.03573186872527
1296475799319650307,http://pbs.twimg.com/media/Ef4B1rCVAAAVWoa.jpg,3.1518316973233595e-05,0.03573186872527
1296475795418996737,http://pbs.twimg.com/media/Ef4B3YDWoAEcwFT.jpg,0.843802809715271,0.03573186872527
1296475794265583616,http://pbs.twimg.com/media/Ef4B3E-WkAE6jHb.jpg,0.9117839336395264,0.03573186872527
1296475793128861696,http://pbs.twimg.com/media/Ef4B3QEXkAI04mk.jpg,0.001654669875279,0.03573186872527
1296475787206565889,http://pbs.twimg.com/media/Ef4B2pCUEAcDc4G.png,0.0014743809588253,0.03573186872527
1296475782936756224,http://pbs.twimg.com/media/Ef4B2b2XsAAs2iU.jpg,4.611419717548415e-05,0.03573186872527
1296475780952850432,http://pbs.twimg.com/media/Ef4BNLkWsAEGjKq.png,0.0968258082866668,0.03573186872527
1296475777127583751,http://pbs.twimg.com/media/Ef4ByM3XsAQnn4e.png,0.2264353185892105,0.03573186872527
1296475774179053571,http://pbs.twimg.com/tweet_video_thumb/Ef4B1qhVAAEV08V.jpg,0.8945082426071167,0.03573186872527
1296475773621227521,http://pbs.twimg.com/media/Ef4B1zoWsAM59OV.jpg,2.847184488175003e-09,0.03573186872527
1296475771842826240,http://pbs.twimg.com/media/Ef4B0M5XoAETgfl.jpg,0.9941856265068054,0.03573186872527
1296475770404196353,http://pbs.twimg.com/media/Ef4B1saXkAAp1zF.jpg,2.175643309954012e-08,0.03573186872527
1296475769045233664,http://pbs.twimg.com/media/Ef4BuNKXsAw26jo.jpg,0.9656285047531128,0.03573186872527
1296475765937233929,http://pbs.twimg.com/media/Ef4B1n4UEAEazln.jpg,0.0100558754056692,0.03573186872527
1296475763647172608,http://pbs.twimg.com/media/Ef4B1ioXgAAU2LH.jpg,0.9850923418998718,0.03573186872527
1296475760191045639,http://pbs.twimg.com/media/Ef4B05BXYAYS9JH.jpg,0.1115098670125007,0.03573186872527
1296475758580432898,http://pbs.twimg.com/tweet_video_thumb/Ef4BdZYXsAAmwkA.jpg,9.263039828510957e-06,0.03573186872527
1296475758291025923,http://pbs.twimg.com/media/Ef4B1PHXYAIlN-o.jpg,0.8626736998558044,0.03573186872527
1296475758274260996,http://pbs.twimg.com/tweet_video_thumb/Ef4B08yWsAEC01C.jpg,0.9948363304138184,0.03573186872527
1296475754310631430,http://pbs.twimg.com/media/Ef4B0_3WoAophSZ.jpg,0.986469268798828,0.03573186872527
1296475748748992517,http://pbs.twimg.com/tweet_video_thumb/Ef4B0MzWkAA-FLy.jpg,0.9969062209129332,0.03573186872527
1296475742478446594,http://pbs.twimg.com/media/Ef4B0SpXsAIJ2lI.jpg,0.4916894435882568,0.03573186872527
1296475739550887938,http://pbs.twimg.com/media/Ef4Bzm3XoAAjmZR.jpg,0.3728491067886352,0.0377946485893736
1296475738451906565,http://pbs.twimg.com/media/Ef4BzXnXgAE5tVa.png,0.4511891007423401,0.0377946485893736
1296475727869681664,http://pbs.twimg.com/media/Ef4BzR7XYAMtOql.jpg,0.0023808765690773,0.0377946485893736
1296475727177687043,http://pbs.twimg.com/media/Ef4By7iXsAATARW.jpg,5.6676446547498927e-05,0.0377946485893736
1296475724921135106,http://pbs.twimg.com/media/Ef4By9LXYAAkWdg.jpg,4.6488674021460947e-10,0.0377946485893736
1296475722698104833,http://pbs.twimg.com/media/Ef4By6qUYAEMoBn.png,0.0055681294761598,0.0377946485893736
1296475722115166210,http://pbs.twimg.com/media/Ef4BvCBWsAEdu0e.jpg,0.9919458031654358,0.0377946485893736
1296475719405645825,http://pbs.twimg.com/media/Ef4ByAcXgAAdDoI.jpg,0.9966976642608644,0.0377946485893736
1296475718763896834,http://pbs.twimg.com/media/Ef4ByjFVAAIJ-08.jpg,2.6443347067584e-08,0.0377946485893736
1296475717677580290,http://pbs.twimg.com/media/Ef4By2ZUEAMq_Dr.jpg,0.5625235438346863,0.0377946485893736
1296475717128126465,http://pbs.twimg.com/media/Ef4By1GU0AIZhaE.jpg,0.9881535172462464,0.0377946485893736
1296475716620619776,http://pbs.twimg.com/media/Ef4ByyaU4AImm1V.jpg,0.7418289184570312,0.0377946485893736
1296475715332972547,http://pbs.twimg.com/media/Ef4ByurUEAIqdJ2.jpg,0.1503942012786865,0.0377946485893736
1296475715169329162,http://pbs.twimg.com/media/Ef4BytQUEAUkGcO.jpg,0.6887906789779663,0.0377946485893736
1296475715035181060,http://pbs.twimg.com/media/Ef4ByEQVoAAe-4C.jpg,0.9765289425849916,0.0377946485893736
1296475714930323457,http://pbs.twimg.com/media/Ef4BysKUMAEoiRb.jpg,0.4512751996517181,0.0377946485893736
1296475714842177536,http://pbs.twimg.com/media/Ef4AcLdWAAMw9Wa.png,7.3137127465372495e-09,0.0377946485893736
1296475712325586944,http://pbs.twimg.com/media/Ef4ByYgWsAAgAdi.jpg,0.930274784564972,0.0377946485893736
1296475708395524096,http://pbs.twimg.com/media/Ef4Bxw_WsAA4N2X.jpg,1.988013167419922e-07,0.0377946485893736
1296475707854528513,http://pbs.twimg.com/media/Ef4BufFXgAYkjmE.jpg,0.0220652595162391,0.0377946485893736
1296475705744805893,http://pbs.twimg.com/media/Ef4ByBTWAAA1RUt.jpg,1.6747120525906212e-06,0.0377946485893736
1296475702817169409,http://pbs.twimg.com/media/Ef4ByB1XoAEtX2W.jpg,0.9257839322090148,0.0377946485893736
1296475701927915526,http://pbs.twimg.com/media/Ef4Bx7HXkAYoxR4.jpg,0.0595349892973899,0.0377946485893736
1296475698748698624,http://pbs.twimg.com/media/Ef4BwosXkAA6mJc.jpg,0.9276991486549376,0.0377946485893736
1296475697855307776,http://pbs.twimg.com/media/Ef4BxadXgAIcrlB.jpg,0.152716651558876,0.0377946485893736
1296475692574609409,http://pbs.twimg.com/media/Ef4BH6yXkAMI415.jpg,4.4352741923603396e-08,0.0377946485893736
1296475687558287360,http://pbs.twimg.com/tweet_video_thumb/Ef4Bw3kWoAE2DeT.jpg,0.9920990467071532,0.0377946485893736
1296475686673186819,http://pbs.twimg.com/media/Ef4Bs4zWkAI57Hg.jpg,4.671306541581544e-08,0.0377946485893736
1296475679597502464,http://pbs.twimg.com/media/Ef4Bv_3WAAMfxvs.jpg,0.9727590680122375,0.0377946485893736
1296475677210943488,http://pbs.twimg.com/media/Ef4BXTKWAAERb73.jpg,1.3240473606401792e-07,0.0362231852195691
1296475673587048451,http://pbs.twimg.com/media/Ef4BvNsXgAoZjtT.jpg,0.9851049780845642,0.0362231852195691
1296475668218359808,http://pbs.twimg.com/media/Ef4AcpeWkAEws1A.jpg,0.0025553167797625,0.0362231852195691
1296475661670981633,http://pbs.twimg.com/media/Ef4Bva9XYAA1Rig.jpg,0.8895191550254822,0.0362231852195691
1296475660509155332,http://pbs.twimg.com/media/Ef4A-TLVAAU2DY5.jpg,8.50249853101559e-05,0.0362231852195691
1296475657933860864,http://pbs.twimg.com/media/Ef4BvVbXYAAI91G.jpg,0.9766016602516174,0.0362231852195691
1296475655803146246,http://pbs.twimg.com/media/Ef4BhnpUMAAg0rq.jpg,0.007340230513364,0.0362231852195691
1296475655471849474,http://pbs.twimg.com/media/Ef4BhOOXgAMUlUk.jpg,0.970097541809082,0.0362231852195691
1296475651910893569,http://pbs.twimg.com/media/Ef4BuxHUwAAhqdg.png,0.2091765701770782,0.0362231852195691
1296475651902406657,http://pbs.twimg.com/media/Ef4ButmVoAA1wP8.jpg,9.601526684832606e-09,0.0362231852195691
1296475649364889605,http://pbs.twimg.com/media/Ef4Btq_WsAAQ6hv.jpg,0.8060657978057861,0.0362231852195691
1296475644491071490,http://pbs.twimg.com/media/Ef4BoMoWAAArxhp.png,6.659897078264976e-09,0.0362231852195691
1296475641601306624,http://pbs.twimg.com/media/Ef4BuHmXYAcOgae.jpg,0.9853628873825072,0.0362231852195691
1296475635301470211,http://pbs.twimg.com/media/Ef4BWjXXgAASC-r.jpg,0.0058333920314908,0.0362231852195691
1296475634810707968,http://pbs.twimg.com/media/Ef4BttOX0AEFb1-.jpg,0.9053380489349364,0.0362231852195691
1296475628410220544,http://pbs.twimg.com/media/Ef4BrhwXgAEo41C.jpg,0.9911715388298036,0.0362231852195691
1296475627671957516,http://pbs.twimg.com/media/Ef4BjFTXsAAMjHb.jpg,6.702062819385901e-05,0.0362231852195691
1296475626124259335,http://pbs.twimg.com/tweet_video_thumb/Ef4BtTFU8AANxif.jpg,0.8586388826370239,0.0362231852195691
1296475625214140417,http://pbs.twimg.com/media/Ef4BsXmWsAE0RDG.jpg,0.9920397996902466,0.0362231852195691
1296475620541595653,http://pbs.twimg.com/media/Ef4Bsr6X0AAUv6j.jpg,0.0008054002537392,0.0362231852195691
1296475620491370497,http://pbs.twimg.com/media/Ef4BsZjUMAA9S8u.jpg,0.9502478241920472,0.0362231852195691
1296475606243258368,http://pbs.twimg.com/media/Ef4BrjQXkAIs7ei.jpg,0.7572869062423706,0.0362231852195691
1296475606088060930,http://pbs.twimg.com/media/Ef4Br8JWoAEz5Mo.jpg,0.9743927717208862,0.0362231852195691
1296475606050381824,http://pbs.twimg.com/media/Ef4BsXXU4AAqVEr.jpg,0.9952080845832824,0.0362231852195691
1296475601604349957,http://pbs.twimg.com/media/Ef4BrnuWoAcoLyN.jpg,5.521132884211965e-09,0.0362231852195691
1296475600731934722,http://pbs.twimg.com/media/Ef4BnFSWoAIZuB3.jpg,0.9688525199890136,0.0362231852195691
1296475600560029696,http://pbs.twimg.com/media/Ef4Br91X0AIY74y.jpg,0.0319072902202606,0.0362231852195691
1296475600224489475,http://pbs.twimg.com/media/Ef4BhzAWAAA2pK0.jpg,0.0028345398604869,0.0362231852195691
1296475596437028864,http://pbs.twimg.com/media/Ef4BrHSWkAA_gEc.jpg,0.9893646240234376,0.0362231852195691
1296475594922876932,http://pbs.twimg.com/media/Ef4BrqgXgAMuUh4.png,4.367996552900877e-06,0.0362231852195691
1296475594713071624,http://pbs.twimg.com/media/Ef4BrnDXgAIdagi.jpg,0.9896484017372132,0.0362231852195691
1296475594688004099,http://pbs.twimg.com/media/Ef4BrqWXoAIYX4W.jpg,0.98716938495636,0.0362231852195691
1296475590187507712,http://pbs.twimg.com/media/Ef4BrbVXgAAMcI9.jpg,0.9749099612236024,0.0340109829370292
1296475587243053059,http://pbs.twimg.com/media/Ef4BeZjXkAM6sqr.jpg,0.5450353622436523,0.0340109829370292
1296475586479697923,http://pbs.twimg.com/media/Ef4BpxhXYAEhHeK.jpg,9.953532043027737e-08,0.0340109829370292
1296475585821245440,http://pbs.twimg.com/media/Ef4BrMyXgAcGgNi.jpg,0.0002966164029203,0.0340109829370292
1296475585716387840,http://pbs.twimg.com/media/Ef4AdH_WoAEzQwa.jpg,0.1221511363983154,0.0340109829370292
1296475581807235072,http://pbs.twimg.com/media/Ef4BqrcUYAULCO1.png,0.1369598358869552,0.0340109829370292
1296475580548997124,http://pbs.twimg.com/media/Ef4BqrNXYAIZF1M.jpg,0.0002471652114763,0.0340109829370292
1296475579794034689,http://pbs.twimg.com/media/EfYM2oSWsAA3gvZ.jpg,6.808770081079274e-07,0.0340109829370292
1296475579756183554,http://pbs.twimg.com/media/Ef3kSbmUMAAAnnw.jpg,0.0018107547657564,0.0340109829370292
1296475579680804868,http://pbs.twimg.com/media/Ef1YmbkXsAAH42Y.jpg,0.9778807163238524,0.0340109829370292
1296475576480522240,http://pbs.twimg.com/media/Ef4BpoIVoAAYWtn.jpg,0.9917194843292236,0.0340109829370292
1296475576115638272,http://pbs.twimg.com/media/Ef4Bpm3X0AIXJWt.png,6.216465209263333e-08,0.0340109829370292
1296475572072259585,http://pbs.twimg.com/tweet_video_thumb/Ef4BqF3WsAMbCL5.jpg,0.6583717465400696,0.0340109829370292
1296475569098493952,http://pbs.twimg.com/media/Ef4Bp4YWoAEJ6al.jpg,2.136517593953613e-07,0.0340109829370292
1296475568121225219,http://pbs.twimg.com/media/Ef4BqCYVAAA2CI0.jpg,6.982682862144429e-06,0.0340109829370292
1296475561628504064,http://pbs.twimg.com/media/Ef4BoLVWsAEWgeA.jpg,0.0027846761513501,0.0340109829370292
1296475557740388355,http://pbs.twimg.com/media/Ef4BpfvWkAIUELR.png,0.0803562700748443,0.0340109829370292
1296475557589389312,http://pbs.twimg.com/media/Ef4BpUiXkAI4C-a.jpg,0.0003695348277688,0.0340109829370292
1296475549762822148,http://pbs.twimg.com/media/Ef4BpFIU4AAdwZb.jpg,0.9916708469390868,0.0340109829370292
1296475548630360064,http://pbs.twimg.com/media/Ef4BoNUUMAEP5g6.jpg,0.987622082233429,0.0340109829370292
1296475548428963840,http://pbs.twimg.com/media/Ef4Bo5cX0AQiWVT.jpg,0.0176608022302389,0.0340109829370292
1296475546306654210,http://pbs.twimg.com/media/Ef4BooEWkAAw0Ol.jpg,0.9968820810317992,0.0340109829370292
1296475539780382721,http://pbs.twimg.com/media/Ef4BoRgUEAA-dRK.jpg,3.772439249871695e-09,0.0340109829370292
1296475537892925441,http://pbs.twimg.com/media/Ef4BoREXYAUpXLt.jpg,7.106105215370917e-08,0.0340109829370292
1296475537762852866,http://pbs.twimg.com/tweet_video_thumb/Ef4BnjEX0AAKomr.jpg,0.9738762974739076,0.0340109829370292
1296475534885609473,http://pbs.twimg.com/media/Ef4BTrlXsAMvkNQ.jpg,0.1951109319925308,0.0340109829370292
1296475532129980416,http://pbs.twimg.com/media/Ef4BoEHWsAcrZf1.jpg,0.0414099507033824,0.0340109829370292
1296475523737096196,http://pbs.twimg.com/media/Ef4BnedUcAAjSld.jpg,2.7481595680001192e-05,0.0340109829370292
1296475519236689920,http://pbs.twimg.com/media/Ef4BnLGWAAELXgF.jpg,0.9067515730857848,0.0340109829370292
1296475516791398405,http://pbs.twimg.com/media/Ef4BnEDU0AA4iIt.jpg,1.2387578962602674e-08,0.0340109829370292
1296475516036427777,http://pbs.twimg.com/media/Ef4BmwqWsAMRdtg.jpg,0.9699419736862184,0.0340109829370292
1296475515486969858,http://pbs.twimg.com/media/Ef4BmShUYAAIv3m.jpg,0.9869425296783448,0.0608594818791795
1296475512785768451,http://pbs.twimg.com/media/Ef4BmqFVAAAd1L6.png,0.0004245183954481,0.0608594818791795
1296475501842894848,http://pbs.twimg.com/media/Ef4BmJ7U0AIZruQ.jpg,0.942106306552887,0.0608594818791795
1296475499234025474,http://pbs.twimg.com/media/Ef4BmBAXgAAeB1k.jpg,1.0823959506467418e-09,0.0608594818791795
1296475496742555648,http://pbs.twimg.com/media/Ef4BlteXoAMqFZj.jpg,5.3237476649314885e-09,0.0608594818791795
1296475494775496708,http://pbs.twimg.com/media/Ef4BlgXU8AIwpxF.jpg,0.7352997064590454,0.0608594818791795
1296475491625574400,http://pbs.twimg.com/media/Ef4BKLuXsAMeaCg.png,0.4407507479190826,0.0608594818791795
1296475490681851912,http://pbs.twimg.com/media/Ef4Blm9UMAA14To.jpg,0.9888721108436584,0.0608594818791795
1296475488286892032,http://pbs.twimg.com/media/Ef4BlVRWoAgn_wo.jpg,0.7201648354530334,0.0608594818791795
1296475485703217154,http://pbs.twimg.com/media/Ef4BlKNX0AESupR.jpg,0.2658234536647796,0.0608594818791795
1296475483119529985,http://pbs.twimg.com/media/Ef4BlEjXoAAjFup.jpg,0.2018833458423614,0.0608594818791795
1296475481731215362,http://pbs.twimg.com/media/Ef4Bc_nXkAAZW02.png,0.8023421764373779,0.0608594818791795
1296475480783294464,http://pbs.twimg.com/media/Ef4BlDzXsAIX5TN.jpg,0.2517974972724914,0.0608594818791795
1296475480233844736,http://pbs.twimg.com/media/Ef4BlCjWkAEAnlp.jpg,0.8830955624580383,0.0608594818791795
1296475478761635841,http://pbs.twimg.com/media/Ef4Bk5UX0AYdqGI.jpg,2.5214412779916984e-09,0.0608594818791795
1296475473384550401,http://pbs.twimg.com/media/Ef4BkKZXoAk55MQ.png,0.9947580695152284,0.0608594818791795
1296475469479641092,http://pbs.twimg.com/media/Ef4BkUoWAAIF7co.jpg,0.8863966464996338,0.0608594818791795
1296475469408284680,http://pbs.twimg.com/media/Ef4Bj69WsAEuHxO.jpg,0.9885498881340028,0.0608594818791795
1296475467885707264,http://pbs.twimg.com/media/Ef4BhuXWsAAEoXF.jpg,0.7870193719863892,0.0608594818791795
1296475466954608643,http://pbs.twimg.com/media/Ef4BOV_WAAEAk2h.png,0.0003684322291519,0.0608594818791795
1296475463150374913,http://pbs.twimg.com/media/Ef4BkCaU8AAGC4d.jpg,0.1047650724649429,0.0608594818791795
1296475461015437314,http://pbs.twimg.com/media/Ef31Uu5WsAIb_Ge.jpg,5.4751822631260445e-08,0.0608594818791795
1296475453843214336,http://pbs.twimg.com/media/Ef4BdXPXkAAQt-_.jpg,1.1629303076077235e-09,0.0608594818791795
1296475452761137153,http://pbs.twimg.com/media/Ef4BjTFUEAAQlfA.jpg,3.718158438914543e-07,0.0608594818791795
1296475449128869890,http://pbs.twimg.com/media/Ef4ARuUXoAgtxUL.jpg,0.0490344204008579,0.0608594818791795
1296475447925104641,http://pbs.twimg.com/media/Ef4BjIIXsAAmh1_.jpg,0.9453944563865662,0.0608594818791795
1296475445706317836,http://pbs.twimg.com/media/Ef4Bg_3WoAAoRvl.jpg,0.9503613710403442,0.0608594818791795
1296475444859080707,http://pbs.twimg.com/media/Ef4Bi--X0AAWqAR.jpg,0.9502700567245485,0.0608594818791795
1296475442803769345,http://pbs.twimg.com/media/Ef4Bis1WsAAgBGi.jpg,0.9667352437973022,0.0608594818791795
1296475440329166849,http://pbs.twimg.com/media/Ef4BiO2XYAAvV0y.jpg,0.9925496578216552,0.0608594818791795
1296475433878388742,http://pbs.twimg.com/media/Ef4BiPcWsAAPTXv.jpg,0.0080912075936794,0.0608594818791795
1296475433572196352,http://pbs.twimg.com/media/Ef4BiBpU0AAY7NF.png,0.0414570420980453,0.0365921321125434
1296475431487639553,http://pbs.twimg.com/media/Ef4Bh23WsAAz5Ju.jpg,0.5773268938064575,0.0365921321125434
1296475431323996161,http://pbs.twimg.com/media/Ef4Bh7wXsAMVV5m.jpg,7.853101280375085e-09,0.0365921321125434
1296475431273672704,http://pbs.twimg.com/media/Ef4BiE3UwAAV81Z.jpg,0.9711938500404358,0.0365921321125434
1296475431252774913,http://pbs.twimg.com/media/Ef4Bho5WkAURU3G.jpg,1.890539533633273e-05,0.0365921321125434
1296475429675700228,http://pbs.twimg.com/media/Ef4BiDZWsAAK97p.jpg,1.2931384851810891e-08,0.0365921321125434
1296475429088432128,http://pbs.twimg.com/media/Ef4Bh2TUcAAoYh0.jpg,0.0515091158449649,0.0365921321125434
1296475423832977415,http://pbs.twimg.com/media/Ef4BhruWsAMwLdB.jpg,1.8272594104473683e-08,0.0365921321125434
1296475422297919488,http://pbs.twimg.com/media/Ef4Bhb2XsAkfoFS.png,6.3409125061753e-08,0.0365921321125434
1296475418216796163,http://pbs.twimg.com/media/Ef39OcYUMAEVxMZ.jpg,1.2884877165220132e-08,0.0365921321125434
1296475416891404293,http://pbs.twimg.com/tweet_video_thumb/Ef4BbKaWoAA8bND.jpg,0.9955915808677672,0.0365921321125434
1296475412227330050,http://pbs.twimg.com/media/Ef4BhEXWAAQmsxL.jpg,3.96232053390122e-06,0.0365921321125434
1296475410524405763,http://pbs.twimg.com/media/Ef4BetyVAAE33JX.jpg,0.8395033478736877,0.0365921321125434
1296475404895760385,http://pbs.twimg.com/media/Ef4BgcuVoAEbos8.jpg,2.976323401071568e-07,0.0365921321125434
1296475402739777536,http://pbs.twimg.com/media/Ef4BelqVAAAw0Q9.jpg,0.9845610857009888,0.0365921321125434
1296475401477328898,http://pbs.twimg.com/media/Ef4BfJnWkAEFRRh.jpg,1.0511260484236119e-07,0.0365921321125434
1296475394095357953,http://pbs.twimg.com/tweet_video_thumb/Ef4Bc7zWkAAG-nS.jpg,0.888354480266571,0.0365921321125434
1296475391176183815,http://pbs.twimg.com/tweet_video_thumb/Ef4BfWvWAAAXtf7.jpg,0.0004545764822978,0.0365921321125434
1296475390131744776,http://pbs.twimg.com/media/Ef4BfxkWkAMc9LV.png,1.5495174011448398e-05,0.0365921321125434
1296475389431361537,http://pbs.twimg.com/media/Ef4BdvEXoAI8XaY.jpg,5.87243903282797e-07,0.0365921321125434
1296475387371888642,http://pbs.twimg.com/media/Ef4Bef9UYAEHnd3.jpg,3.7090813975737547e-07,0.0365921321125434
1296475381629964290,http://pbs.twimg.com/media/Ef4BeaqUwAAsKge.jpg,2.790628968796227e-06,0.0365921321125434
1296475378295463936,http://pbs.twimg.com/media/Ef3_KKhWoAAQx8U.jpg,0.982790470123291,0.0365921321125434
1296475377754427394,http://pbs.twimg.com/media/Ef4BeVrU0AE58b3.jpg,0.0054319389164447,0.0365921321125434
1296475372842868736,http://pbs.twimg.com/media/Ef4Bd97UwAESwXo.jpg,1.7192147424793802e-05,0.0365921321125434
1296475367344082947,http://pbs.twimg.com/media/Ef4BeEpU0AEmTxf.png,0.000232602309552,0.0365921321125434
1296475364521398272,http://pbs.twimg.com/media/Ef4BduwUwAUi1W5.jpg,0.0010784688638523,0.0365921321125434
1296475363061751808,http://pbs.twimg.com/media/Ef4BENXWAAQbXmX.jpg,3.332121991661552e-07,0.0365921321125434
1296475353154715649,http://pbs.twimg.com/media/Ef4BdoaUYAEYpWo.jpg,0.9989877343177797,0.0390925461046949
1296475352240398337,http://pbs.twimg.com/media/Ef4BdlvVAAA0773.jpg,0.0480203442275524,0.0390925461046949
1296475349182808064,http://pbs.twimg.com/media/Ef4Bc51U8AAJTZR.jpg,0.0015666316030547,0.0390925461046949
1296475348130058243,http://pbs.twimg.com/media/Ef4BdWSVoAAiMU7.jpg,0.9591848850250244,0.0390925461046949
1296475345651142659,http://pbs.twimg.com/media/Ef4BPLhWsAcMhHJ.jpg,0.4755089879035949,0.0390925461046949
1296475343616913408,http://pbs.twimg.com/media/Ef4BdFIUMAABV26.jpg,0.9639241695404052,0.0390925461046949
1296475343440744448,http://pbs.twimg.com/media/Ef4BdFVU0AIkkQD.jpg,0.8975767493247986,0.0390925461046949
1296475342358683653,http://pbs.twimg.com/media/Ef4Bc5OX0AA6AQc.jpg,0.6130059361457825,0.0390925461046949
1296475340991340544,http://pbs.twimg.com/media/Ef4Bc6wWoAACB8v.jpg,7.518464073541509e-09,0.0390925461046949
1296475340655788034,http://pbs.twimg.com/media/Ef4Bc6KUEAAiuoK.jpg,5.539383209907101e-07,0.0390925461046949
1296475340295020545,http://pbs.twimg.com/media/Ef4BcgGXYAAZWLT.jpg,0.978501796722412,0.0390925461046949
1296475339959545858,http://pbs.twimg.com/media/Ef4Bc2MU8AAHcS7.jpg,0.5096262693405151,0.0390925461046949
1296475338193735692,http://pbs.twimg.com/media/Ef4BcwXUEAAZ8AW.jpg,0.8248056769371033,0.0390925461046949
1296475336356646914,http://pbs.twimg.com/media/Ef4BcqPXgAMxwZT.jpg,0.8694922924041748,0.0390925461046949
1296475335786102786,http://pbs.twimg.com/media/Ef4BconU0AAPP8Q.jpg,0.4580973088741302,0.0390925461046949
1296475333483540485,http://pbs.twimg.com/media/Ef4BbndXsAMt-kJ.jpg,0.9979991316795348,0.0390925461046949
1296475327250694144,http://pbs.twimg.com/media/Ef4BZ8KUcAA7sxD.jpg,0.0003753009950742,0.0390925461046949
1296475326667776000,http://pbs.twimg.com/media/Ef4BcGeU0AMb_NX.jpg,0.8350157141685486,0.0390925461046949
1296475325333934081,http://pbs.twimg.com/media/Ef4BadbUYAAGI5Q.jpg,0.9008612036705016,0.0390925461046949
1296475324419641358,http://pbs.twimg.com/media/Ef4Bbu8XgAAUyEu.jpg,0.8914890289306641,0.0390925461046949
1296475324226703361,http://pbs.twimg.com/media/Ef4BaSYXoAEzISW.jpg,5.8872597463732745e-08,0.0390925461046949
1296475322188279809,http://pbs.twimg.com/media/Ef4Bb0KWsAAEdIj.jpg,0.9958795309066772,0.0390925461046949
1296475316089688065,http://pbs.twimg.com/media/Ef4BZ6jX0AAY59F.jpg,0.972837209701538,0.0390925461046949
1296475314386874371,http://pbs.twimg.com/media/Ef4BZ2pXkAIuB7X.jpg,1.927452785821515e-06,0.0390925461046949
1296475303745921024,http://pbs.twimg.com/media/Ef4BalNUEAAvs-l.jpg,0.993696630001068,0.0390925461046949
1296475296179335170,http://pbs.twimg.com/media/Ef4BWAEXoAAAwc-.jpg,0.9798514246940612,0.0390925461046949
1296475293943767041,http://pbs.twimg.com/media/Ef4BZ1tWAAAdVhE.jpg,0.95698344707489,0.0390925461046949
1296475290227683328,http://pbs.twimg.com/media/Ef4BZdrXkAAZJxT.jpg,5.9348026297811884e-06,0.0370548997695247
1296475289741131776,http://pbs.twimg.com/media/Ef4BZ3TX0AIpQm4.jpg,0.96607768535614,0.0370548997695247
1296475289556594692,http://pbs.twimg.com/media/Ef4BPW5XoAAtuef.jpg,0.8520678281784058,0.0370548997695247
1296475278479446016,http://pbs.twimg.com/media/Ef4BCs0WoAE25G7.jpg,0.9873273968696594,0.0370548997695247
1296475276801712130,http://pbs.twimg.com/media/Ef3__jVWkAIgSfC.png,3.03983398453056e-07,0.0370548997695247
1296475275635699712,http://pbs.twimg.com/media/Ef39XEDWAAIzU0C.png,5.801078714284813e-06,0.0370548997695247
1296475274805207042,http://pbs.twimg.com/media/Ef4BY4-XsAE_0g8.jpg,0.9916859269142152,0.0370548997695247
1296475271365898240,http://pbs.twimg.com/media/Ef4BWAPWAAIX2oJ.jpg,0.9813910722732544,0.0370548997695247
1296475269411287040,http://pbs.twimg.com/media/Ef4BXo0WAAE6ZV-.jpg,0.4418350458145141,0.0370548997695247
1296475263572873216,http://pbs.twimg.com/media/Ef4AmtOXoAI5wkt.jpg,0.5565330982208252,0.0370548997695247
1296475261203087361,http://pbs.twimg.com/media/Ef3_bUoX0AY0u4D.jpg,0.1323164701461792,0.0370548997695247
1296475258787188738,http://pbs.twimg.com/tweet_video_thumb/Ef4BX4DX0AI8hHL.jpg,0.5581088662147522,0.0370548997695247
1296475258522947584,http://pbs.twimg.com/media/Ef4BWjjUcAAjPAn.jpg,1.8518408140266732e-08,0.0370548997695247
1296475255016435712,http://pbs.twimg.com/media/Ef4BXnuXYAI0TR2.png,0.0169620923697948,0.0370548997695247
1296475245415665667,http://pbs.twimg.com/media/Ef36sNYXYAAIBWQ.jpg,0.9785282015800476,0.0370548997695247
1296475237538725888,http://pbs.twimg.com/media/Ef4BW0tXgAMm2jQ.jpg,0.9164829850196838,0.0370548997695247
1296475233331884034,http://pbs.twimg.com/media/Ef4BWYyXsAMeE3i.jpg,0.994921624660492,0.0370548997695247
1296475233130553347,http://pbs.twimg.com/media/Ef4BSuVU0AITdVg.jpg,0.9879294633865356,0.0370548997695247
1296475228969873410,http://pbs.twimg.com/media/Ef4BWAJXsAIzxkf.jpg,2.91720311906829e-07,0.0370548997695247
1296475216349138946,http://pbs.twimg.com/tweet_video_thumb/Ef4BTCBXoAA16xM.jpg,0.992384433746338,0.0370548997695247
1296475214407241728,http://pbs.twimg.com/media/Ef4BUOXXYAEq3lz.jpg,0.8999942541122437,0.0370548997695247
1296475214373675015,http://pbs.twimg.com/media/Ef4BLCVWAAIFqCP.jpg,5.6119179134839214e-06,0.0370548997695247
1296475211999645699,http://pbs.twimg.com/tweet_video_thumb/Ef4BVC3XkAQ_8Hk.jpg,0.99583899974823,0.0370548997695247
1296475210921713665,http://pbs.twimg.com/media/Ef4BSjoVoAEf88_.jpg,0.0005583758465945,0.0370548997695247
1296475207696359425,http://pbs.twimg.com/media/Ef4BVMNXsAEVeFK.jpg,0.0006803789292462,0.0370548997695247
1296475205850857472,http://pbs.twimg.com/media/Ef4BVEaVAAALJuG.jpg,0.9867095351219176,0.0370548997695247
1296475204751970304,http://pbs.twimg.com/media/Ef4BLOAWsAUjc2Q.jpg,5.13513896294171e-06,0.0370548997695247
1296475204273811463,http://pbs.twimg.com/tweet_video_thumb/Ef4BUPNXgAUexaS.jpg,0.986622154712677,0.0370548997695247
1296475202726113286,http://pbs.twimg.com/media/Ef4A0ojWAAUa-0j.jpg,1.1400275070627686e-05,0.0370548997695247
1296475202109480960,http://pbs.twimg.com/media/Ef4BU2ZWAAM_QgX.jpg,0.0011478721862658,0.0370548997695247
1296475198213021696,http://pbs.twimg.com/media/Ef4BUp_XkAA3Zq5.jpg,0.9687536358833312,0.0483789319987408
1296475197365784583,http://pbs.twimg.com/media/Ef4AyUmXkAA4tqY.jpg,3.7525694551732165e-08,0.0483789319987408
1296475194614329345,http://pbs.twimg.com/media/Ef4BUNjWAAQnn2X.jpg,0.8743400573730469,0.0483789319987408
1296475194509451264,http://pbs.twimg.com/media/Ef4BTYSXoAEOAKn.jpg,0.979702651500702,0.0483789319987408
1296475190080294917,http://pbs.twimg.com/media/Ef4BUAjXYAI8Ecb.jpg,0.6244470477104187,0.0483789319987408
1296475188801011715,http://pbs.twimg.com/tweet_video_thumb/Ef4BToDXgAEAEn4.jpg,0.9004562497138977,0.0483789319987408
1296475187957899268,http://pbs.twimg.com/media/Ef4BO-AXkAAqxy6.jpg,0.344074010848999,0.0483789319987408
1296475187102257155,http://pbs.twimg.com/media/Ef4BToIXsAEzOqp.jpg,0.9529153108596802,0.0483789319987408
1296475182132088832,http://pbs.twimg.com/media/Ef4BTp6XoAAkamu.jpg,0.9417322278022766,0.0483789319987408
1296475180215271425,http://pbs.twimg.com/media/Ef4BTm3WkAE2vec.jpg,0.978661298751831,0.0483789319987408
1296475179988791297,http://pbs.twimg.com/media/Ef4A4yZXYAIFPUH.jpg,0.925870716571808,0.0483789319987408
1296475179447660547,http://pbs.twimg.com/media/Ef4BTWGU4AAajcR.jpg,0.000970188237261,0.0483789319987408
1296475179070246913,http://pbs.twimg.com/media/Ef4BTd0WAAIBVV0.jpg,0.8795598149299622,0.0483789319987408
1296475178944397314,http://pbs.twimg.com/media/Ef4BB-qWkAAU5yC.jpg,0.9892532229423524,0.0483789319987408
1296475178159964163,http://pbs.twimg.com/media/Ef4BTAYXoAEJX11.jpg,5.625632547889836e-05,0.0483789319987408
1296475174280278017,http://pbs.twimg.com/media/Ef4Al1gXsAAR9aM.jpg,0.0722364857792854,0.0483789319987408
1296475171889577987,http://pbs.twimg.com/media/Ef4A78OUcAAZWhr.jpg,1.5342762708314694e-05,0.0483789319987408
1296475170845097988,http://pbs.twimg.com/media/Ef4BSvaWoAA7UiN.jpg,0.9824935793876648,0.0483789319987408
1296475167842066432,http://pbs.twimg.com/media/Ef4A5W0XoAsoQef.jpg,0.0315028503537178,0.0483789319987408
1296475166281695234,http://pbs.twimg.com/media/Ef4BSx2VAAIDXiJ.jpg,0.988543689250946,0.0483789319987408
1296475162716655622,http://pbs.twimg.com/media/Ef4BSJUXkAEWoJL.jpg,3.124419208688778e-06,0.0483789319987408
1296475159986085891,http://pbs.twimg.com/media/Ef4BFciWoAM1jK6.jpg,0.9763550162315368,0.0483789319987408
1296475159759663104,http://pbs.twimg.com/media/Ef4BQ5QUMAE5pnG.png,0.9749879240989684,0.0483789319987408
1296475156316069888,http://pbs.twimg.com/media/Ef4BG-3WAAAF2xg.jpg,0.9771974682807922,0.0483789319987408
1296475155473010691,http://pbs.twimg.com/media/Ef4BSB9WAAAUZ3f.jpg,0.002609615214169,0.0483789319987408
1296475155355652107,http://pbs.twimg.com/media/Ef4A_UAUMAEOhzR.png,1.093285573006142e-05,0.0483789319987408
1296475153661145088,http://pbs.twimg.com/media/Ef4BSDTWoAII3tJ.jpg,0.0009047161438502,0.0483789319987408
1296475152465694721,http://pbs.twimg.com/media/Ef4BR7SWoAYxyaB.jpg,8.819569075058099e-08,0.0483789319987408
1296475139001942018,http://pbs.twimg.com/media/Ef4BKE8WkAQ9V7V.jpg,0.982954442501068,0.0483789319987408
1296475136988676096,http://pbs.twimg.com/media/Ef4BRE6WsAI8uMt.jpg,0.8731837272644043,0.0483789319987408
1296475134828707840,http://pbs.twimg.com/media/Ef4BQobVAAEszVP.jpg,0.7920324206352234,0.0483789319987408
1296475133750784001,http://pbs.twimg.com/media/Ef4BMnIWoAAfLJQ.jpg,0.6593723893165588,0.0483789319987408
1296475133465505792,http://pbs.twimg.com/media/Ef4BQz-XkAALRI7.jpg,5.995953733517466e-10,0.040782749466598
1296475133083885569,http://pbs.twimg.com/media/Ef4BPYsXkAAnplg.jpg,4.748666460052674e-10,0.040782749466598
1296475129736822788,http://pbs.twimg.com/media/Ef4BNevVAAED0_8.jpg,1.5359613826149143e-05,0.040782749466598
1296475127266320386,http://pbs.twimg.com/media/Ef4BPafXYAAzo2r.png,0.0001883041404653,0.040782749466598
1296475126704349184,http://pbs.twimg.com/media/Ef4BO3vXoAEc-ER.jpg,1.7155884052044712e-05,0.040782749466598
1296475121490722816,http://pbs.twimg.com/tweet_video_thumb/Ef4BPmQWsAAPJhe.jpg,2.7141963073518127e-05,0.040782749466598
1296475118898745348,http://pbs.twimg.com/media/Ef4BP8oWkAc_SJv.jpg,0.9886111617088318,0.040782749466598
1296475117107777536,http://pbs.twimg.com/media/Ef4BNH-WoAEQJHa.png,1.3538816734381951e-09,0.040782749466598
1296475116583424004,http://pbs.twimg.com/media/Ef4BPlSWkAMGA4h.png,1.7858087231203967e-09,0.040782749466598
1296475114540761091,http://pbs.twimg.com/media/Ef4BPvIXsAUTQ55.jpg,0.972117841243744,0.040782749466598
1296475113450340353,http://pbs.twimg.com/media/Ef4BPHAXYAA0PS3.jpg,0.0254063419997692,0.040782749466598
1296475112674406401,http://pbs.twimg.com/media/Ef4BEafUMAAU4Yp.jpg,4.303324807608533e-09,0.040782749466598
1296475111957106691,http://pbs.twimg.com/media/Ef4BMfQWsAA7WX0.jpg,0.9707210063934326,0.040782749466598
1296475107255365636,http://pbs.twimg.com/media/Ef4BCJEXkAICfgt.jpg,0.9667148590087892,0.040782749466598
1296475104973594626,http://pbs.twimg.com/media/Ef4BO5zX0AAmELe.jpg,4.470910752729651e-09,0.040782749466598
1296475103233024000,http://pbs.twimg.com/media/Ef4BPDAXYAAbm4J.jpg,5.609915310067493e-10,0.040782749466598
1296475100141805572,http://pbs.twimg.com/media/Ef4BO55U0AAP3Kl.jpg,0.8674535155296326,0.040782749466598
1296475100112355329,http://pbs.twimg.com/media/Ef4BO3uWAAAuJOK.jpg,0.9573047757148744,0.040782749466598
1296475099269402625,http://pbs.twimg.com/media/Ef4BOR7WsAYRRRL.jpg,0.9833104610443116,0.040782749466598
1296475099189608449,http://pbs.twimg.com/media/Ef4BODLX0AE26xX.jpg,0.9908010363578796,0.040782749466598
1296475098426355714,http://pbs.twimg.com/media/Ef4BOjgX0AI_n-4.jpg,0.9771835803985596,0.040782749466598
1296475097319067650,http://pbs.twimg.com/media/Ef4BOtmU4AE3Nhg.jpg,0.9852991104125975,0.040782749466598
1296475094726959104,http://pbs.twimg.com/media/Ef4BOmqXgAAQ5--.jpg,0.9930838346481324,0.040782749466598
1296475093711949825,http://pbs.twimg.com/media/Ef4BOiKU8AYk0Ca.jpg,0.9750701189041138,0.040782749466598
1296475091736428545,http://pbs.twimg.com/media/Ef4BObSVoAExIp4.jpg,0.9914664030075072,0.040782749466598
1296475091166011401,http://pbs.twimg.com/media/Ef4BOYEVoAAF7e3.jpg,0.996575891971588,0.040782749466598
1296475090742280194,http://pbs.twimg.com/media/Ef4BORmXoAc0E4Z.jpg,0.0004663992731366,0.040782749466598
1296475090570420233,http://pbs.twimg.com/media/Ef4BOUhWoAIxgRf.jpg,0.0407304540276527,0.040782749466598
1296475088800428032,http://pbs.twimg.com/media/Ef4BEyRXgAUy-7O.jpg,0.0011299294419586,0.040782749466598
1296475085734400001,http://pbs.twimg.com/media/Ef4BN1JUMAAzNaV.jpg,9.904460966936313e-07,0.040782749466598
1296475083347828736,http://pbs.twimg.com/media/Ef4BN8qXsAEwMSw.jpg,9.545868670102207e-05,0.0382198724124966
1296475083251355649,http://pbs.twimg.com/media/Ef4BN8gXkAM0JDz.png,0.9491580724716188,0.0382198724124966
1296475082643124224,http://pbs.twimg.com/media/Ef4BNr1X0AAHKtR.jpg,0.1233945116400718,0.0382198724124966
1296475079522562049,http://pbs.twimg.com/media/Ef4BNTtWAAQrSGm.jpg,2.0807960936508607e-06,0.0382198724124966
1296475078042046466,http://pbs.twimg.com/media/Ef4BNoFXsAAXrt4.jpg,0.9816154837608336,0.0382198724124966
1296475076515082240,http://pbs.twimg.com/media/Ef2utFwXYAAnuDe.jpg,0.2869172394275665,0.0382198724124966
1296475066042114049,http://pbs.twimg.com/media/Ef4BMh5XsAcgW7Q.jpg,0.1861406415700912,0.0382198724124966
1296475064389468163,http://pbs.twimg.com/media/Ef4BMwIXsAAyG9g.jpg,0.0864018872380256,0.0382198724124966
1296475058379137024,http://pbs.twimg.com/media/Ef4BDl6XoAka5O5.jpg,1.537976822874043e-05,0.0382198724124966
1296475051605340163,http://pbs.twimg.com/media/Ef4BKLRXgAgoiEk.jpg,0.0068925060331821,0.0382198724124966
1296475048509943808,http://pbs.twimg.com/media/Ef4BL4_XkAAI84k.jpg,2.789309894168923e-09,0.0382198724124966
1296475047658389504,http://pbs.twimg.com/media/Ef4BL2lU0AA7LPJ.jpg,0.9721726179122924,0.0382198724124966
1296475046932893696,http://pbs.twimg.com/media/Ef4A-_ZUwAIZBI1.jpg,0.4941279292106628,0.0382198724124966
1296475044172963840,http://pbs.twimg.com/media/Ef4BLqGWAAMOVuJ.png,2.619034988882163e-09,0.0382198724124966
1296475038477094913,http://pbs.twimg.com/media/Ef4BLSiXkAM4NuR.jpg,0.9230283498764038,0.0382198724124966
1296475037676056578,http://pbs.twimg.com/media/Ef4BKXqXsAgfamj.jpg,6.313346290198751e-09,0.0382198724124966
1296475036279242757,http://pbs.twimg.com/media/Ef4BLBVUEAATYwN.jpg,4.7405720238202775e-08,0.0382198724124966
1296475035604078592,http://pbs.twimg.com/media/Ef3_wbmWoAI-EAy.jpg,0.9757108688354492,0.0382198724124966
1296475032764534789,http://pbs.twimg.com/media/Ef4BKI9UYAE1_9C.png,0.0026779850013554,0.0382198724124966
1296475032412200960,http://pbs.twimg.com/media/Ef4BK1lWoAATEpI.jpg,0.0003727643634192,0.0382198724124966
1296475029010558976,http://pbs.twimg.com/media/Ef4BKvXVAAAxMk_.jpg,3.3775332752838956e-08,0.0382198724124966
1296475026661810177,http://pbs.twimg.com/media/Ef4BKABUYAIhfd_.jpg,0.0010286365868523,0.0382198724124966
1296475024694620160,http://pbs.twimg.com/media/Ef4BKIzXkAIbalB.jpg,0.0010106796398758,0.0382198724124966
1296475019640557568,http://pbs.twimg.com/media/Ef4BKFBU4AEP1hP.jpg,2.320701213420762e-07,0.0382198724124966
1296475017794945025,http://pbs.twimg.com/media/Ef4A4ktXYAEkTAy.jpg,0.0005945853190496,0.0382198724124966
1296475016624844803,http://pbs.twimg.com/media/Ef4BKA_X0AM5jBf.jpg,3.9716007449897006e-05,0.0382198724124966
1296475015286751241,http://pbs.twimg.com/media/Ef4BJyLXYAApGJK.jpg,8.119743142742664e-05,0.0382198724124966
1296475006852112385,http://pbs.twimg.com/media/Ef4BFPbXYAYQBYf.png,0.8582536578178406,0.0382198724124966
1296475006713692160,http://pbs.twimg.com/media/Ef4BH78XYAIEFAA.jpg,6.918283906998113e-05,0.0382198724124966
1296475005417660419,http://pbs.twimg.com/media/Ef4BJQ6WsAAhO0k.jpg,4.455618909560144e-05,0.0376423846723304
1296474998861975564,http://pbs.twimg.com/media/Ef4BJA_UwAEcU6N.png,1.464042043153313e-06,0.0376423846723304
1296474997939216385,http://pbs.twimg.com/media/Ef4BIoEX0AEfRad.jpg,0.93647563457489,0.0376423846723304
1296474997700075520,http://pbs.twimg.com/media/Ef4BIyQXYAA7vfP.jpg,1.5898011440640405e-07,0.0376423846723304
1296474997393940480,http://pbs.twimg.com/media/Ef4BIY3XoAc1Wq0.jpg,9.9086195405107e-05,0.0376423846723304
1296474996437639170,http://pbs.twimg.com/media/Ef4BIk9WoAEA3Dk.jpg,0.987277328968048,0.0376423846723304
1296474995846197259,http://pbs.twimg.com/media/Ef4BIrBX0AAA6Z3.jpg,2.714165816541936e-07,0.0376423846723304
1296474994525052928,http://pbs.twimg.com/media/Ef4BHxiX0AEJTH2.jpg,0.9507648944854736,0.0376423846723304
1296474990062243841,http://pbs.twimg.com/media/Ef4BHCdWoAAYKxu.jpg,0.9227741956710817,0.0376423846723304
1296474989416386561,http://pbs.twimg.com/media/Ef4BINpXoAEOHv-.jpg,0.991393506526947,0.0376423846723304
1296474971112378368,http://pbs.twimg.com/media/Ef4BHK2XoAIKVsX.jpg,0.0012870840728282,0.0376423846723304
1296474968881090566,http://pbs.twimg.com/media/Ef4ANCxUMAE7QLp.png,0.0208816323429346,0.0376423846723304
1296474968327430145,http://pbs.twimg.com/media/Ef4BG3GU0AIRiau.jpg,0.043943416327238,0.0376423846723304
1296474965072646144,http://pbs.twimg.com/media/Ef4Ayp-XoAE8GE0.jpg,0.9005071520805359,0.0376423846723304
1296474963923349507,http://pbs.twimg.com/media/Ef4BG-zVoAY-Xqf.jpg,0.969426691532135,0.0376423846723304
1296474963155849217,http://pbs.twimg.com/media/Ef4BG8WUwAEl7C3.jpg,0.9123340845108032,0.0376423846723304
1296474962585358339,http://pbs.twimg.com/media/Ef4BFLVWAAIJM1P.jpg,0.0229283310472965,0.0376423846723304
1296474959972306945,http://pbs.twimg.com/media/Ef4BGn5XsAAXAcV.jpg,0.9561513066291808,0.0376423846723304
1296474956780441605,http://pbs.twimg.com/media/Ef4BGeVUwAEvjaO.jpg,0.8701789975166321,0.0376423846723304
1296474951936102401,http://pbs.twimg.com/media/Ef4AnWRWoAEH3pR.jpg,0.0001466036919737,0.0376423846723304
1296474950157697025,http://pbs.twimg.com/media/Ef4BGGSXoAEj8r-.jpg,2.887724122047075e-07,0.0376423846723304
1296474948291239937,http://pbs.twimg.com/media/Ef4BFxNU4AcFXQw.jpg,0.9454758763313292,0.0376423846723304
1296474946538033152,http://pbs.twimg.com/media/Ef4BF_ZX0AI54Dx.jpg,0.8650146126747131,0.0376423846723304
1296474940783427584,http://pbs.twimg.com/media/Ef4BE9QX0AAX-FH.jpg,2.930261144840074e-09,0.0376423846723304
1296474933934071815,http://pbs.twimg.com/media/Ef4A3fnWAAAvm_j.jpg,0.0108883809298276,0.0376423846723304
1296474933703442437,http://pbs.twimg.com/media/Ef4BFJJX0AEaIIz.jpg,1.1471369409932206e-09,0.0376423846723304
1296474930415108102,http://pbs.twimg.com/media/Ef3_9PuXYAAXSRU.jpg,1.3089132444576991e-08,0.0376423846723304
1296474913482645507,http://pbs.twimg.com/media/Ef4A-heWkAEty3T.jpg,0.969109833240509,0.0365062601398676
1296474907879014407,http://pbs.twimg.com/media/Ef4BDUiWkAA-2Jt.png,1.3440825341604068e-07,0.0365062601398676
1296474906738253833,http://pbs.twimg.com/media/Ef4BDSsXoAIO-Gg.jpg,0.9203017950057985,0.0365062601398676
1296474905077321730,http://pbs.twimg.com/media/Ef3_d4RXsAYArIx.jpg,2.0664065944475677e-11,0.0365062601398676
1296474896999079936,http://pbs.twimg.com/media/Ef4A3RpWkAIjxv5.jpg,0.8450401425361633,0.0365062601398676
1296474895665238017,http://pbs.twimg.com/media/Ef4BCVRXsAEkZKX.jpg,0.0312013030052185,0.0365062601398676
1296474894734163969,http://pbs.twimg.com/media/Ef4AQuuVoAcP3d_.jpg,0.7302398085594177,0.0365062601398676
1296474888425877506,http://pbs.twimg.com/media/Ef4BCmGXgAAUtoG.jpg,0.0003450209333095,0.0365062601398676
1296474888367157249,http://pbs.twimg.com/media/Ef4A9tiWsAAMf1Z.jpg,5.175056116968335e-07,0.0365062601398676
1296474881358520322,http://pbs.twimg.com/media/Ef4BBMzXkAIFfFJ.jpg,0.5170595049858093,0.0365062601398676
1296474876874719232,http://pbs.twimg.com/media/Ef4BB6mXsAUogDa.jpg,0.0017324761720374,0.0365062601398676
1296474874374950917,http://pbs.twimg.com/media/Ef4A-AyXoAUb2_A.jpg,0.9939504861831664,0.0365062601398676
1296474869035671558,http://pbs.twimg.com/media/Ef4BBPxX0Ace8cJ.jpg,0.9633477926254272,0.0365062601398676
1296474868112908295,http://pbs.twimg.com/media/Ef4BBYNWkAENKtL.jpg,0.0008821443771012,0.0365062601398676
1296474867785764865,http://pbs.twimg.com/media/Ef4BBVuXkAINjqg.jpg,1.7119991753133945e-05,0.0365062601398676
1296474867374665734,http://pbs.twimg.com/media/Ef4BBXKWsAEnFPq.jpg,0.7132279872894287,0.0365062601398676
1296474867194384387,http://pbs.twimg.com/tweet_video_thumb/Ef4BATnX0AACH9O.jpg,0.6591410040855408,0.0365062601398676
1296474863864107008,http://pbs.twimg.com/media/Ef4BA_BWAAMJ24B.jpg,0.0085063548758625,0.0365062601398676
1296474863847329794,http://pbs.twimg.com/media/Ef4BAxhWsAAgsgf.jpg,0.5687534809112549,0.0365062601398676
1296474863503396868,http://pbs.twimg.com/media/Ef3wzgKUMAATe-F.jpg,0.9601563811302184,0.0365062601398676
1296474857308327938,http://pbs.twimg.com/media/Ef4BASYU8AAEGuc.jpg,0.0006481853779405,0.0365062601398676
1296474856821862401,http://pbs.twimg.com/media/Ef4BApbX0AETU5T.jpg,0.0245453733950853,0.0365062601398676
1296474854540087297,http://pbs.twimg.com/media/Ef4A_7PUYAEH5Jn.jpg,7.743794583348064e-08,0.0365062601398676
1296474853856481281,http://pbs.twimg.com/media/Ef4BAldWsAATlcf.jpg,0.0077985022217035,0.0365062601398676
1296474851285381122,http://pbs.twimg.com/media/Ef4A_IGUMAAbBgu.jpg,1.70877100913458e-07,0.0365062601398676
1296474850035412992,http://pbs.twimg.com/media/Ef4BATNUEAESJlC.jpg,1.8017571809525457e-11,0.0365062601398676
1296474844989726723,http://pbs.twimg.com/media/Ef4Anp8XsAILzGT.jpg,0.9040730595588684,0.0365062601398676
1296474839998435328,http://pbs.twimg.com/media/Ef4A_wWXoAYueq8.jpg,0.8775787949562073,0.0365062601398676
1296474838861852673,http://pbs.twimg.com/media/Ef4A_rvWsAA4Udd.jpg,0.9946998357772828,0.0365062601398676
1296474838685691905,http://pbs.twimg.com/media/Ef4A_hOUMAAgjWl.jpg,0.0068329451605677,0.0365062601398676
1296474838505336832,http://pbs.twimg.com/media/Ef4A_mWXgAIPna6.jpg,1.1856634785090137e-07,0.0349241057100395
1296474835426709507,http://pbs.twimg.com/media/Ef4Ae03WkAUCnoK.jpg,1.6844526840031906e-07,0.0349241057100395
1296474833182773249,http://pbs.twimg.com/media/Ef4A_ErXYAYRwKc.jpg,1.5015766621218065e-05,0.0349241057100395
1296474831660212227,http://pbs.twimg.com/media/Ef4A6LwXgAE5VA5.jpg,0.9102076292037964,0.0349241057100395
1296474828673896448,http://pbs.twimg.com/media/Ef4AB7wXoAEZV39.jpg,0.6306478381156921,0.0349241057100395
1296474825498734593,http://pbs.twimg.com/media/Ef4A6vzX0AIwIHx.jpg,0.0536778792738914,0.0349241057100395
1296474825301667841,http://pbs.twimg.com/media/Ef4A-2yWsAA7NIl.jpg,0.96585875749588,0.0349241057100395
1296474824810745856,http://pbs.twimg.com/media/EehpYLUWAAELInq.jpg,7.226402809479282e-11,0.0349241057100395
1296474824806748161,http://pbs.twimg.com/media/Ef39b3PUwAEy6C6.jpg,6.793182016906485e-09,0.0349241057100395
1296474824735424515,http://pbs.twimg.com/media/Ef37DbCXoAUtEwU.jpg,0.9867645502090454,0.0349241057100395
1296474824370532352,http://pbs.twimg.com/media/Ef4A8TRXkAAh1-H.jpg,1.1774586639035078e-08,0.0349241057100395
1296474824215273476,http://pbs.twimg.com/media/Ef4A-26XYAI8EB8.jpg,0.0926131010055542,0.0349241057100395
1296474824164999168,http://pbs.twimg.com/media/Ef4A83RWAAAAeIZ.jpg,0.0213384851813316,0.0349241057100395
1296474824135630850,http://pbs.twimg.com/media/Ef4A-KTWkAMq-qm.jpg,0.6673663854598999,0.0349241057100395
1296474822659252226,http://pbs.twimg.com/media/Ef4A-J0WAAcv3Lg.jpg,0.0029072780162096,0.0349241057100395
1296474820486537217,http://pbs.twimg.com/media/Ef4A-JSXgAENjMA.jpg,0.961926281452179,0.0349241057100395
1296474814794862597,http://pbs.twimg.com/media/Ef4A-OiU0AAW2bP.jpg,2.1648890680125987e-08,0.0349241057100395
1296474809430310912,http://pbs.twimg.com/media/Ef4A9udWAAEVIZz.jpg,2.1743468137103148e-10,0.0349241057100395
1296474802400759808,http://pbs.twimg.com/media/Ef4Au6sXYAIgpyF.jpg,3.539500539773144e-06,0.0349241057100395
1296474795039698950,http://pbs.twimg.com/media/Ef4A75gVAAI9FnJ.png,8.272912964457646e-06,0.0349241057100395
1296474792988737536,http://pbs.twimg.com/media/Ef4A8G4X0AAy3eU.jpg,8.339394116774201e-05,0.0349241057100395
1296474791420088321,http://pbs.twimg.com/media/Ef4A8b4U0AAIASj.jpg,7.471442353690351e-10,0.0349241057100395
1296474784252014592,http://pbs.twimg.com/media/Ef4AudmXgAAcQ0d.jpg,6.809371733140779e-09,0.0349241057100395
1296474783811547141,http://pbs.twimg.com/media/Ef4A8a9XsA0AGfF.jpg,0.0022054172586649,0.0349241057100395
1296474782473629696,http://pbs.twimg.com/media/Ef4A8W3WkAI28Th.jpg,0.0004088520363438,0.0349241057100395
1296474781089398784,http://pbs.twimg.com/media/Ef4A8TZX0AY1llz.jpg,0.9629331827163696,0.0349241057100395
1296474780737114115,http://pbs.twimg.com/media/Ef4A703XYAckjxP.jpg,0.9884335398674012,0.0349241057100395
1296474779470495745,http://pbs.twimg.com/tweet_video_thumb/Ef4A8BzU8AAiTjU.jpg,0.712306559085846,0.0349241057100395
1296474778644230145,http://pbs.twimg.com/media/Ef4A5m7WoAELkYF.jpg,1.4552303184700577e-07,0.0349241057100395
1296474777150984193,http://pbs.twimg.com/media/Ef4A8DLXoAMXS7M.jpg,5.153262261359258e-10,0.0349241057100395
1296474775213215746,http://pbs.twimg.com/media/Ef4A7_4XgAUdItP.jpg,4.0321497252193694e-09,0.0610729208992173
1296474774420545541,http://pbs.twimg.com/media/Ef4A73FXYAoje_h.jpg,0.0034084888175129,0.0610729208992173
1296474774097534983,http://pbs.twimg.com/media/Ef4A7guWAAUN_nR.jpg,2.854044778288767e-10,0.0610729208992173
1296474771882901504,http://pbs.twimg.com/media/Ef4A4DtWkAEBCHK.jpg,0.0015623308718204,0.0610729208992173
1296474769735536652,http://pbs.twimg.com/media/Ef4A7LxWsAAEKaC.jpg,0.7137020826339722,0.0610729208992173
1296474767218946048,http://pbs.twimg.com/media/Ef4A69YUYAE562t.jpg,0.9852924942970276,0.0610729208992173
1296474765092425728,http://pbs.twimg.com/media/Ef4A7NPUMAEgUm9.jpg,0.0378112904727458,0.0610729208992173
1296474763737669635,http://pbs.twimg.com/media/Ef4A7VKX0AEJpxd.jpg,0.9948305487632751,0.0610729208992173
1296474762986881024,http://pbs.twimg.com/media/Ef4Ap_6X0AMkXqn.jpg,0.9753575921058656,0.0610729208992173
1296474760289943554,http://pbs.twimg.com/media/Ef4A7JfXYAopkxp.jpg,0.9806022644042968,0.0610729208992173
1296474758838714369,http://pbs.twimg.com/media/Ef4A62ZVoAAR-4e.jpg,0.0018138446612283,0.0610729208992173
1296474754967314432,http://pbs.twimg.com/media/Ef4AyM1XkAEiRsG.jpg,1.6668600721914117e-07,0.0610729208992173
1296474754472443904,http://pbs.twimg.com/media/Ef4A4nNWoAItsqK.jpg,0.9546905159950256,0.0610729208992173
1296474753918808064,http://pbs.twimg.com/media/Ef4ATugWoAIJ2ei.jpg,0.9224387407302856,0.0610729208992173
1296474753901957121,http://pbs.twimg.com/media/Ef4A5OFX0AEK2qX.jpg,0.6770258545875549,0.0610729208992173
1296474752496934913,http://pbs.twimg.com/media/Ef4A2Y6XoAMTc4x.jpg,0.9715332984924316,0.0610729208992173
1296474747170103296,http://pbs.twimg.com/media/Ef4A6O2XkAAqye_.jpg,0.9906348586082458,0.0610729208992173
1296474743953072135,http://pbs.twimg.com/media/Ef4A6E6XkAIP8ui.jpg,0.0025922514032572,0.0610729208992173
1296474742585724928,http://pbs.twimg.com/media/Ef4AkncXsAEoDaU.jpg,0.9723472595214844,0.0610729208992173
1296474741868507136,http://pbs.twimg.com/media/Ef4A6FPXsAEju8Q.jpg,0.8185623288154602,0.0610729208992173
1296474737980461059,http://pbs.twimg.com/media/Ef3_okcXoAIbt58.jpg,0.988337218761444,0.0610729208992173
1296474737196113920,http://pbs.twimg.com/media/Ef34FvkUEAEAk2Y.jpg,1.5138438129724818e-06,0.0610729208992173
1296474736655048707,http://pbs.twimg.com/media/Ef4A5tmXsAkSA8X.jpg,0.2700996696949005,0.0610729208992173
1296474735245774855,http://pbs.twimg.com/media/Ef4A5UrXkAI-2hl.jpg,0.9544695019721984,0.0610729208992173
1296474732183851009,http://pbs.twimg.com/media/Ef4A5dOXoAAjSB-.jpg,0.3196401596069336,0.0610729208992173
1296474731714052101,http://pbs.twimg.com/media/Ef4A5djXsAAGbeD.jpg,7.55971907295816e-09,0.0610729208992173
1296474723812024320,http://pbs.twimg.com/media/Ef4A4gDXkAEaylE.jpg,0.9886921644210817,0.0610729208992173
1296474716362936322,http://pbs.twimg.com/media/Ef4A4jxUwAIvWHy.jpg,3.4893169242877775e-08,0.0610729208992173
1296474714391621632,http://pbs.twimg.com/media/Ef4A4cAVAAcvKkq.jpg,0.9566859602928162,0.0610729208992173
1296474714018373637,http://pbs.twimg.com/tweet_video_thumb/Ef4A4Q3UEAA2XV4.jpg,0.9925382733345032,0.0610729208992173
1296474713783439360,http://pbs.twimg.com/media/Ef4A4bWUcAAtCAE.jpg,0.2138630896806717,0.0382297663184415
1296474713091461121,http://pbs.twimg.com/media/Ef4A4YmUYAE1zyx.jpg,1.081787922885269e-05,0.0382297663184415
1296474712747454467,http://pbs.twimg.com/media/Ef4A4W4VAAADCMG.jpg,0.9796517491340636,0.0382297663184415
1296474712571338755,http://pbs.twimg.com/media/Ef4A4WrVAAAOw7l.jpg,0.86323082447052,0.0382297663184415
1296474712491646976,http://pbs.twimg.com/media/Ef4A4WyU4AAfr9_.jpg,0.0171190463006496,0.0382297663184415
1296474712420290563,http://pbs.twimg.com/media/Ef4A4V2UEAEbjBG.jpg,0.7131980657577515,0.0382297663184415
1296474706477023235,http://pbs.twimg.com/media/Ef4A3i9WsAIcDnE.jpg,0.9276154041290284,0.0382297663184415
1296474706221174784,http://pbs.twimg.com/media/Ef4AiTHXYAEFw2S.jpg,0.0007871346897445,0.0382297663184415
1296474704472150017,http://pbs.twimg.com/media/Ef4AqoNWkAAaHXR.jpg,0.8392200469970703,0.0382297663184415
1296474703989821441,http://pbs.twimg.com/media/Ef4A3j0XYAI16QW.jpg,8.929496857490449e-07,0.0382297663184415
1296474703452938242,http://pbs.twimg.com/media/Ef4AyvMWkAAxPvg.jpg,5.631044359688531e-07,0.0382297663184415
1296474703314530305,http://pbs.twimg.com/media/Ef4AvrmXYAEKzmL.jpg,0.0048679513856768,0.0382297663184415
1296474701083049986,http://pbs.twimg.com/media/Ef4AxLQX0AAS081.jpg,1.594682252914481e-08,0.0382297663184415
1296474699497603078,http://pbs.twimg.com/media/Ef4A3msWoAEbx4J.jpg,0.912308156490326,0.0382297663184415
1296474694649085954,http://pbs.twimg.com/media/Ef4A2fNXYAImByb.jpg,5.853001416866732e-11,0.0382297663184415
1296474693298511873,http://pbs.twimg.com/media/Ef4A3PWXoAY4cbC.jpg,7.183440402513952e-07,0.0382297663184415
1296474690106646529,http://pbs.twimg.com/media/Ef4A2RHXYAENIPa.jpg,0.8868134617805481,0.0382297663184415
1296474687661367303,http://pbs.twimg.com/media/Ef4A24rUwAAoYEr.jpg,0.8738793134689331,0.0382297663184415
1296474687405469696,http://pbs.twimg.com/media/Ef4A2zDXsAApknA.jpg,4.302418165025301e-05,0.0382297663184415
1296474686272999424,http://pbs.twimg.com/media/Ef4A2wfWsAIDIcX.png,7.886434468673542e-05,0.0382297663184415
1296474686268866561,http://pbs.twimg.com/media/Ef4A2djXoAA63ay.jpg,0.5375494956970215,0.0382297663184415
1296474679016935424,http://pbs.twimg.com/media/Ef33PIJWoAIdhyx.jpg,3.758128030995067e-08,0.0382297663184415
1296474667985899522,http://pbs.twimg.com/media/Ef4A1hOWAAArR0B.jpg,3.68635710401577e-07,0.0382297663184415
1296474662935957509,http://pbs.twimg.com/media/Ef4AfcvUEAAmlSJ.jpg,0.9924261569976808,0.0382297663184415
1296474659307782145,http://pbs.twimg.com/media/Ef4A1QEWsAM0Obm.jpg,3.4120806180482077e-10,0.0382297663184415
1296474658452189188,http://pbs.twimg.com/tweet_video_thumb/Ef4A00dWAAseY1Y.jpg,0.3389098346233368,0.0382297663184415
1296474657202331654,http://pbs.twimg.com/media/Ef4A1FqX0AAgM6w.jpg,0.9953413009643556,0.0382297663184415
1296474653326745602,http://pbs.twimg.com/media/Ef4At8AWkAI2JF-.jpg,0.0226176232099533,0.0382297663184415
1296474648004173829,http://pbs.twimg.com/media/Ef4A0PHXoAMVhYS.jpg,0.9941571950912476,0.0379868138947391
1296474644489416707,http://pbs.twimg.com/media/Ef4Az1AUYAQwJIN.jpg,0.152258351445198,0.0379868138947391
1296474644195807234,http://pbs.twimg.com/media/Ef4A0HdVAAA2xot.jpg,1.974388874614874e-09,0.0379868138947391
1296474642824286213,http://pbs.twimg.com/media/Ef4A0SzXoAI7Zcq.jpg,0.0006433791713789,0.0379868138947391
1296474640253157378,http://pbs.twimg.com/media/Ef4AxhCXkAY5-j1.png,0.1582980155944824,0.0379868138947391
1296474638856445954,http://pbs.twimg.com/media/Ef4A0CGXoAAzPsb.png,0.239132210612297,0.0379868138947391
1296474638332067844,http://pbs.twimg.com/media/Ef4A0C8X0AI9Ia8.jpg,0.9957581162452698,0.0379868138947391
1296474638013399040,http://pbs.twimg.com/media/Ef4Az62XkAEERPK.jpg,0.9661732316017152,0.0379868138947391
1296474637904359426,http://pbs.twimg.com/media/Ef4A0BHXYAQpJah.jpg,0.0001909615239128,0.0379868138947391
1296474635899482112,http://pbs.twimg.com/media/Ef4Az6LXoAAXMMt.jpg,0.1041024029254913,0.0379868138947391
1296474634993491970,http://pbs.twimg.com/media/Ef4Az2vWoAApx8Y.jpg,0.8525697588920593,0.0379868138947391
1296474634771206151,http://pbs.twimg.com/media/Ef4Az1uWoAEUwsi.jpg,1.3162558616386375e-06,0.0379868138947391
1296474633378701313,http://pbs.twimg.com/media/Ef4Ax0HWAAEPZ8s.jpg,0.3645014464855194,0.0379868138947391
1296474631822626816,http://pbs.twimg.com/media/Ef4AzqgX0AE5Adg.jpg,0.8458076119422913,0.0379868138947391
1296474626864947201,http://pbs.twimg.com/media/Ef4AzXPXgAIEWmn.jpg,0.9395276308059692,0.0379868138947391
1296474624964923392,http://pbs.twimg.com/media/Ef4AcfCXkAAR2aP.jpg,0.97935688495636,0.0379868138947391
1296474623425601538,http://pbs.twimg.com/media/Ef4AyprXkAET98k.jpg,0.0011372625594958,0.0379868138947391
1296474621995352064,http://pbs.twimg.com/media/Ef4AvuDWsAERCnW.jpg,0.0025379983708262,0.0379868138947391
1296474618237276160,http://pbs.twimg.com/media/Ef4AytFXkAUS7So.jpg,0.000219297100557,0.0379868138947391
1296474614210625540,http://pbs.twimg.com/media/Ef4AykIXsAEiO_A.jpg,3.48962991836288e-08,0.0379868138947391
1296474611392143362,http://pbs.twimg.com/media/Ef4AvmYUYAAYJQa.jpg,0.7230356931686401,0.0379868138947391
1296474609559232513,http://pbs.twimg.com/media/Ef4AH90XkAAdXiA.png,2.678023065527668e-07,0.0379868138947391
1296474607743049729,http://pbs.twimg.com/media/Ef4AyDeWsAAeCOy.jpg,0.0001134850535891,0.0379868138947391
1296474607692713993,http://pbs.twimg.com/media/Ef4AyQ6WoAQaOL7.jpg,7.593447648446272e-09,0.0379868138947391
1296474606774231041,http://pbs.twimg.com/media/Ef4AyL5XkAEGKsl.png,0.0210026744753122,0.0379868138947391
1296474602865135616,http://pbs.twimg.com/media/Ef4Ax3YWkAMOu6n.jpg,0.9818148016929626,0.0379868138947391
1296474600998567937,http://pbs.twimg.com/media/Ef4Ax5wXsAAAdON.jpg,0.0257283095270395,0.0379868138947391
1296474600444956673,http://pbs.twimg.com/media/Ef4AxvFXoAUX8Yi.jpg,0.9935930371284484,0.0379868138947391
1296474600264675329,http://pbs.twimg.com/media/Ef4AxwfUwAU9s2e.jpg,0.911552667617798,0.0350461827681189
1296474593956368390,http://pbs.twimg.com/media/Ef4AxSmXkAIsH5g.jpg,1.8869680928901292e-08,0.0350461827681189
1296474593868349441,http://pbs.twimg.com/media/Ef4AxR1XkAIcrRB.png,0.1974178999662399,0.0350461827681189
1296474593809575936,http://pbs.twimg.com/media/Ef4AxeGWkAA2HOg.jpg,2.858840719710542e-09,0.0350461827681189
1296474593075572739,http://pbs.twimg.com/media/Ef4AxX0WoAc_atx.jpg,2.336276831715889e-11,0.0350461827681189
1296474591678930944,http://pbs.twimg.com/media/Ef4AeulX0AM2g8J.png,1.4626765732828062e-05,0.0350461827681189
1296474591171411969,http://pbs.twimg.com/media/Ef4AxO8XgAABBWr.jpg,0.3005377352237701,0.0350461827681189
1296474590546460673,http://pbs.twimg.com/media/Ef4Aw2WWsAYLD_-.jpg,0.0465966835618019,0.0350461827681189
1296474589283979264,http://pbs.twimg.com/media/Ef4AxLmVoAAg5ps.jpg,0.936360478401184,0.0350461827681189
1296474589275598848,http://pbs.twimg.com/media/Ef4AxLrUwAAMfAi.jpg,0.9487178921699524,0.0350461827681189
1296474588663164928,http://pbs.twimg.com/media/Ef4AxK8WkAEiSz3.png,0.9518529772758484,0.0350461827681189
1296474584779296770,http://pbs.twimg.com/media/Ef4Aw7JX0AEO7AG.jpg,0.993529736995697,0.0350461827681189
1296474582782824453,http://pbs.twimg.com/media/Ef4AwznXoAEkEjI.jpg,0.521587073802948,0.0350461827681189
1296474582661169152,http://pbs.twimg.com/media/Ef4AwaDXgAEg03N.png,0.0023888177238404,0.0350461827681189
1296474582023639041,http://pbs.twimg.com/media/Ef4Awm4WsAUSbqC.jpg,0.4190424680709839,0.0350461827681189
1296474581377703936,http://pbs.twimg.com/media/Ef4AwvAXsAQ9niI.jpg,0.8088091015815735,0.0350461827681189
1296474578458423296,http://pbs.twimg.com/media/Ef4Awh7WsAI4pE2.png,3.4654645819642838e-09,0.0350461827681189
1296474578416476162,http://pbs.twimg.com/media/Ef3_NMLXkAAgAAI.jpg,0.0016336838016286,0.0350461827681189
1296474573404172288,http://pbs.twimg.com/media/Ef27T6PXsAEVFf5.jpg,0.0037502311170101,0.0350461827681189
1296474573299429385,http://pbs.twimg.com/media/Ef4Av6CWoAAZqO5.jpg,0.3823410868644714,0.0350461827681189
1296474573299425281,http://pbs.twimg.com/media/Ef4AwRUWkAAyTp4.jpg,0.6582202911376953,0.0350461827681189
1296474573257416704,http://pbs.twimg.com/media/Ef0FTEVXkAI2g3i.jpg,0.9951861500740052,0.0350461827681189
1296474573207216128,http://pbs.twimg.com/media/Ef0K0KBXYAAnoGm.jpg,0.9357752799987792,0.0350461827681189
1296474573190438912,http://pbs.twimg.com/media/Ef30X89WAAYQHSn.jpg,0.9992796778678894,0.0350461827681189
1296474573123104769,http://pbs.twimg.com/media/Ef3wG0VXgAE3L9N.jpg,0.2768707573413849,0.0350461827681189
1296474573039448071,http://pbs.twimg.com/media/Ef4AvzJXgAAItsY.jpg,0.9476418495178224,0.0350461827681189
1296474567372869633,http://pbs.twimg.com/media/Ef4AvsqWsAAEllK.jpg,0.615342378616333,0.0350461827681189
1296474561098256390,http://pbs.twimg.com/media/Ef4AtOHWsAMz7IB.jpg,0.0047072418965399,0.0350461827681189
1296474559118548992,http://pbs.twimg.com/media/Ef4AsmvUEAAH838.jpg,1.3220591199569751e-06,0.0350461827681189
1296474558124503042,http://pbs.twimg.com/media/Ef4AqlpXoAAOdeQ.jpg,3.355027729412541e-06,0.0350461827681189
1296474556610359298,http://pbs.twimg.com/media/Ef4Auo7X0AAF6-i.jpg,0.4468039572238922,0.0350461827681189
1296474555263967233,http://pbs.twimg.com/media/Ef4AvMQWoAElVSH.jpg,4.358640239843226e-07,0.0371520383050665
1296474553024217089,http://pbs.twimg.com/media/Ef4AqD_VAAApRy6.jpg,5.5814940424170345e-05,0.0371520383050665
1296474548276269056,http://pbs.twimg.com/media/Ef4AdKkWkAA4_m6.png,0.1014767363667488,0.0371520383050665
1296474545742897156,http://pbs.twimg.com/media/Ef4AdXeWoAYzlci.jpg,3.8098944514786126e-06,0.0371520383050665
1296474542169378816,http://pbs.twimg.com/media/Ef4APuzU4AANRGN.jpg,2.776784413072164e-06,0.0371520383050665
1296474529074753537,http://pbs.twimg.com/media/Ef4AtUaX0AE50xV.jpg,0.299716055393219,0.0371520383050665
1296474525647986692,http://pbs.twimg.com/media/Ef4AliRWoAYl3O_.jpg,4.2144264966736966e-07,0.0371520383050665
1296474517309661187,http://pbs.twimg.com/media/Ef4As1DWkAMqQH1.jpg,2.3147037064852327e-10,0.0371520383050665
1296474516747673611,http://pbs.twimg.com/media/Ef4As5XXsAIOd-t.jpg,0.9792333245277404,0.0371520383050665
1296474511848726530,http://pbs.twimg.com/media/Ef4Ar-WXsAUc-4P.jpg,1.5128567554256733e-07,0.0371520383050665
1296474509558587393,http://pbs.twimg.com/media/Ef4AsclWAAovzgs.jpg,0.0004439507902134,0.0371520383050665
1296474509273452545,http://pbs.twimg.com/media/Ef4AsUfWoAceoC6.jpg,1.9180335186774758e-07,0.0371520383050665
1296474508002578433,http://pbs.twimg.com/media/Ef4AreEXYAMGrNI.jpg,0.2020876705646515,0.0371520383050665
1296474496539426822,http://pbs.twimg.com/media/Ef4ArLxWsAA7r0A.jpg,8.854611621700316e-08,0.0371520383050665
1296474495318994944,http://pbs.twimg.com/media/Ef4Arl2XkAIVCt7.jpg,9.466352701714698e-11,0.0371520383050665
1296474493116977153,http://pbs.twimg.com/tweet_video_thumb/Ef4ArAiWkAIbLTv.jpg,0.6729174852371216,0.0371520383050665
1296474492433309701,http://pbs.twimg.com/media/Ef4Aq3dXgAMD4-n.jpg,1.737558159220498e-05,0.0371520383050665
1296474492378779650,http://pbs.twimg.com/media/Ef4AlnWUYAAV5Fc.jpg,0.9821264147758484,0.0371520383050665
1296474489010769921,http://pbs.twimg.com/media/Ef4ArW4XoAEe8A3.jpg,0.9930084943771362,0.0371520383050665
1296474485688852480,http://pbs.twimg.com/media/Ef4ArKdXkAIbZCV.jpg,0.9340011477470398,0.0371520383050665
