id,media_url,PublicPlace,PublicPlace_execution_time
1296476570702487554,http://pbs.twimg.com/media/Ef4ChezX0AAtO9P.png,1.0,0.1949738962575793
1296476565535182848,http://pbs.twimg.com/media/Ef4CkMJX0AA1Hhs.jpg,1.0,0.1930877068080008
1296476565249949696,http://pbs.twimg.com/media/Ef4CkBBXoAMne8W.jpg,1.0,0.2073330096900463
1296476564998295554,http://pbs.twimg.com/media/Ef4CkNQXgAAPJUL.jpg,1.0,0.1894185128621757
1296476560074182656,http://pbs.twimg.com/media/Ef4Ci_zUMAQOFk2.jpg,1.0,0.2018137830309569
1296476559663128576,http://pbs.twimg.com/media/Ef4CjlDXsAIxA8z.jpg,1.0,0.2006527609191835
1296476558631342085,http://pbs.twimg.com/media/Ef4CirYXsAAlYgu.jpg,1.0,0.1914747590199113
1296476558287306752,http://pbs.twimg.com/media/Ef4CjtrXsAIopAp.jpg,0.8171164884000086,0.202523139771074
1296476558157402119,http://pbs.twimg.com/media/Ef4CcN3UwAE28KQ.jpg,1.0,0.1731535010039806
1296476555582025730,http://pbs.twimg.com/media/Ef3-SoKXoAYsoA5.jpg,0.6135526491079676,0.1659809919074177
1296476554315403268,http://pbs.twimg.com/media/Ef4CiPRXoAIVfNQ.jpg,1.0,0.1820216528140008
1296476548942508032,http://pbs.twimg.com/media/Ef4CjJ_WoAAfT_M.jpg,1.0,0.170321213081479
1296476548271308803,http://pbs.twimg.com/media/Ef4CjLWXkAE_fp6.jpg,1.0,0.1414771261624992
1296476543955410950,http://pbs.twimg.com/media/Ef4CgT_XkAQcOVh.jpg,1.0,0.169052068144083
1296476542944632833,http://pbs.twimg.com/media/Ef4Ci5KWoAAAWGN.jpg,0.8141423996143625,0.1673536598682403
1296476542395129856,http://pbs.twimg.com/media/Ef4BU6oWAAAN6AS.jpg,1.0,0.2093231421895325
1296476542235824128,http://pbs.twimg.com/media/Ef32Y5uWoAYfHCV.jpg,1.0,0.1345999399200081
1296476538020519939,http://pbs.twimg.com/media/Ef4BqyfWAAECILD.jpg,1.0,0.1649085553362965
1296476533067001859,http://pbs.twimg.com/media/Ef4Ch-sXsAU1bDv.jpg,1.0,0.1759060313925147
1296476531750064139,http://pbs.twimg.com/media/Ef4CiHtXgAAsC0E.jpg,0.9288178544784564,0.1441852734424173
1296476527270547456,http://pbs.twimg.com/tweet_video_thumb/Ef4ChgBWsAgcwvw.jpg,0.9090416330184854,0.1963758692145347
1296476526385528834,http://pbs.twimg.com/media/Ef4Ch1pUEAURKzp.jpg,1.0,0.1862828349694609
1296476520265986048,http://pbs.twimg.com/media/Ef4ChkbWsAE-p_9.jpg,1.0,0.1889336248859763
1296476515824173058,http://pbs.twimg.com/media/Ef4ChQBXgAIUh8b.jpg,1.0,0.1805260051041841
1296476514058371074,http://pbs.twimg.com/media/Ef4CgZ_UwAEU6u4.jpg,1.0,0.1710823560133576
1296476507032911874,http://pbs.twimg.com/media/Ef4Cf4xX0AI7Jts.jpg,0.4844930797856376,0.1582594350911677
1296476506420662274,http://pbs.twimg.com/media/Ef3umgWWsAAIpB3.jpg,0.6824639621451888,0.1694605620577931
1296476506131136512,http://pbs.twimg.com/media/Ef4CQzxVAAAIODE.jpg,1.0,0.1422036159783601
1296476505200111616,http://pbs.twimg.com/media/Ef4CgW0WAAAddlh.jpg,0.7136038135412613,0.1478500002995133
1296476502276612098,http://pbs.twimg.com/media/Ef4CgdqU4AEWKzd.jpg,1.0,0.1511315586976707
1296476498745069570,http://pbs.twimg.com/media/Ef4BhioUwAUpdWs.jpg,0.8581401920064348,0.149270627181977
1296476496098459648,http://pbs.twimg.com/media/Ef4CfiNWAAE_WwI.jpg,1.0,0.277813714928925
1296476492940148736,http://pbs.twimg.com/media/Ef4CfgBXoAAYgh8.jpg,1.0,0.2473941617645323
1296476492021596160,http://pbs.twimg.com/media/Ef4CfvvXsAEMOSB.jpg,1.0,0.2800564910285175
1296476489555283969,http://pbs.twimg.com/media/Ef4CbZUXYAYbNJm.jpg,1.0,0.2490219166502356
1296476488276074500,http://pbs.twimg.com/media/Ef4CfsZXsAAVxJc.jpg,1.0,0.2449970357120037
1296476488011862016,http://pbs.twimg.com/media/Ef2KGpGUwAI7seu.jpg,1.0,0.195429247803986
1296476486044704768,http://pbs.twimg.com/media/Ef4Cb9TXkAEVO2p.jpg,1.0,0.2481341962702572
1296476484320866304,http://pbs.twimg.com/media/Ef4CZG3WAAMpy7P.jpg,1.0,0.2548688664101064
1296476482357866497,http://pbs.twimg.com/media/Ef4CTVIWoAEqoGx.jpg,1.0,0.1899482440203428
1296476475336658946,http://pbs.twimg.com/media/Ef4Ce8rWoAQsXAY.jpg,1.0,0.1932278689928352
1296476465052241922,http://pbs.twimg.com/tweet_video_thumb/Ef4Cd6_WkAsUeHb.jpg,1.0,0.2232496789656579
1296476463743590401,http://pbs.twimg.com/media/Ef4CeR9XoAgFwR3.jpg,1.0,0.2195006138645112
1296476463374438401,http://pbs.twimg.com/tweet_video_thumb/Ef4CdqTXYAA2WiM.jpg,1.0,0.232833428774029
1296476462661410823,http://pbs.twimg.com/media/Ef4Cc2zWoAMcPsf.jpg,1.0,0.2191258328966796
1296476460887220225,http://pbs.twimg.com/media/Ef4CeGvWoAAW1wx.jpg,1.0,0.2587710968218744
1296476460413313024,http://pbs.twimg.com/media/Ef4CY4sXkAEFon-.jpg,1.0,0.2242695060558617
1296476458832068609,http://pbs.twimg.com/media/Ef4CWNlU0AATnFS.jpg,0.8640004049862582,0.2521414840593934
1296476455669563396,http://pbs.twimg.com/media/Ef4CdxbXsAIuVqr.png,1.0,0.2370583228766918
1296476454268567553,http://pbs.twimg.com/media/Ef4CdwhX0AAshvs.jpg,1.0,0.1849457742646336
1296476451559084037,http://pbs.twimg.com/media/Ef4CdkPWoAIop4-.jpg,1.0,0.2080698078498244
1296476449306824705,http://pbs.twimg.com/media/Ef4CcD5XoAYSUoB.jpg,0.9488685590250078,0.218049578834325
1296476444168724481,http://pbs.twimg.com/tweet_video_thumb/Ef4Cc8RUcAAymzx.jpg,0.3066682849838913,0.2285447348840534
1296476442574893056,http://pbs.twimg.com/media/Ef4CV9AXsAEdGaH.jpg,1.0,0.2270747651346027
1296476440658161664,http://pbs.twimg.com/media/Ef4CctqWsAUh2zi.jpg,1.0,0.2335103349760174
1296476439991275520,http://pbs.twimg.com/media/Ef4CcmjWAAUqEyE.jpg,1.0,0.2139118080958724
1296476432776990723,http://pbs.twimg.com/tweet_video_thumb/Ef4CcGMXsAA0-be.jpg,1.0,0.1942768320441246
1296476429081878533,http://pbs.twimg.com/media/Ef4CJsYXoAEaVW1.png,1.0,0.1931531392037868
1296476428515647493,http://pbs.twimg.com/media/Ef4CcQfXgAA_waZ.jpg,1.0,0.1505351932719349
1296476424132603907,http://pbs.twimg.com/media/Ef4Cbn9XoAUpmWW.jpg,1.0,0.1599497767165303
1296476409263775746,http://pbs.twimg.com/media/Ef4CUUQXsAALzRa.jpg,1.0,0.2135502607561648
1296476407795769346,http://pbs.twimg.com/media/Ef4Ca_nWkAAlmC4.jpg,1.0,0.1954546049237251
1296476405329469444,http://pbs.twimg.com/media/Ef4Bi_7WkAcf1W3.jpg,1.0,0.2100365171208977
1296476404897533953,http://pbs.twimg.com/media/Ef4BOhQXoAEa5I2.jpg,0.9251859511640594,0.2077946630306542
1296476398643748864,http://pbs.twimg.com/media/Ef4CaSiWoAYoE8G.jpg,0.6051170096051768,0.1957350997254252
1296476396638920711,http://pbs.twimg.com/tweet_video_thumb/Ef4CaGmWkAIEOC-.jpg,1.0,0.197015285026282
1296476392415268864,http://pbs.twimg.com/media/Ef4CZtmUwAEBBfk.jpg,1.0,0.2327492916956544
1296476387893747713,http://pbs.twimg.com/media/Ef4CZ0mXYAMNRvQ.jpg,1.0,0.2384541351348161
1296476387000426499,http://pbs.twimg.com/tweet_video_thumb/Ef4CZmsXYAErUVr.jpg,0.9568174294357312,0.1582843521609902
1296476384706146309,http://pbs.twimg.com/media/Ef4CZtgXoAAKs-m.png,0.8747407238785304,0.1667155558243394
1296476382864842752,http://pbs.twimg.com/media/Ef4CZjIXoAAp7KJ.jpg,1.0,0.1779334140010178
1296476375612825603,http://pbs.twimg.com/media/Ef4BoKhXoAgYFTE.png,1.0,0.1733303619548678
1296476371053694979,http://pbs.twimg.com/media/Ef4CUmbVoAALCyh.jpg,0.8168526902626465,0.1854134392924606
1296476368604192769,http://pbs.twimg.com/media/Ef4CYwwXgAE4KMH.png,0.9730834582854916,0.1891377260908484
1296476368075722752,http://pbs.twimg.com/media/Ef4CX79XsAI8zyP.png,1.0,0.1826141909696161
1296476367924715522,http://pbs.twimg.com/media/Ef4CYs8XsAEBZyi.jpg,0.9936556476537894,0.1845443332567811
1296476366230224903,http://pbs.twimg.com/media/Ef4CYnUXoAMSz38.jpg,1.0,0.1793362279422581
1296476366012133382,http://pbs.twimg.com/media/Ef4CYGQWkAExkR5.jpg,0.7241952148221967,0.1540793040767312
1296476363881435136,http://pbs.twimg.com/media/Ef4CYXcXgAEYc2V.jpg,1.0,0.1983031840063631
1296476352464420870,http://pbs.twimg.com/media/Ef4CXv-U4AApyJJ.jpg,1.0,0.1697107986547052
1296476351264849922,http://pbs.twimg.com/media/Ef4CXPzXgAAm0ks.jpg,1.0,0.1503065358847379
1296476349436243969,http://pbs.twimg.com/media/Ef4BhMUXsAA8bGa.jpg,1.0,0.1768833696842193
1296476349419458560,http://pbs.twimg.com/media/Ef4CXWDXgAEcp17.jpg,1.0,0.1582395769655704
1296476347586445312,http://pbs.twimg.com/media/Ef4CXOPWkAEGPWJ.jpg,1.0,0.1626332178711891
1296476343786504193,http://pbs.twimg.com/media/Ef4CXOgX0AE9Qwp.jpg,1.0,0.1199317649006843
1296476336052228097,http://pbs.twimg.com/media/Ef4CSjSU4AA1VJs.jpg,1.0,0.1089593158103525
1296476335758544897,http://pbs.twimg.com/media/Ef4CWyAXgAIBm-w.jpg,0.8810052756249638,0.2396246753633022
1296476334852456448,http://pbs.twimg.com/media/Ef39yFAWoAIF65f.png,1.0,0.2431236221455037
1296476330960343045,http://pbs.twimg.com/media/Ef4B4p4WsAIyo47.jpg,1.0,0.2001451007090509
1296476320835276801,http://pbs.twimg.com/tweet_video_thumb/Ef4CVsdWkAASvg7.jpg,0.924990025875948,0.1910242871381342
1296476311607803906,http://pbs.twimg.com/media/Ef4CUAOWAAYBv-r.jpg,0.9691698364301484,0.2062894366681575
1296476311335174145,http://pbs.twimg.com/media/Ef4CVBJUEAAdMso.jpg,1.0,0.1942537180148065
1296476303659606016,http://pbs.twimg.com/media/Ef4CTxrXgAM2eGb.jpg,1.0,0.2388069950975477
1296476303319867396,http://pbs.twimg.com/media/Ef4CU6NXgAMvkHf.png,1.0,0.2177407909184694
1296476301952536577,http://pbs.twimg.com/media/Ef4CPIiXkAAaM6b.jpg,0.904415415946394,0.2295956509187817
1296476301126238211,http://pbs.twimg.com/media/Ef4CNt5UcAAm67A.jpg,0.9366802279729228,0.1932682543992996
1296476297472937986,http://pbs.twimg.com/media/Ef4AhV2WoAc2vl5.jpg,1.0,0.1871166350319981
1296476295422005249,http://pbs.twimg.com/media/Ef4CBYBXkAELuAo.jpg,1.0,0.2205365621484816
1296476295157735424,http://pbs.twimg.com/media/Ef4BypxXgAMtaN1.jpg,1.0,0.1988088199868798
1296476292087459842,http://pbs.twimg.com/media/Ef4CUMEWAAErKOh.jpg,1.0,0.1387112708762288
1296476287951929344,http://pbs.twimg.com/media/Ef4CT0RWAAQgZ9N.jpg,0.9102903170555964,0.1886897892691195
1296476286391586822,http://pbs.twimg.com/media/Ef4CTrdXgA8Bg8L.jpg,1.0,0.1476902510039508
1296476285473042437,http://pbs.twimg.com/media/Ef4CT51XgAIDBCk.png,0.9169775628180654,0.1436751182191074
1296476276912521220,http://pbs.twimg.com/media/Ef4CSN6XkAA7_-s.jpg,0.7937532556889382,0.2158730267547071
1296476271673839621,http://pbs.twimg.com/media/Ef4BHJHXoAI-v3D.png,1.0,0.2244820836931467
1296476270830772231,http://pbs.twimg.com/media/Ef4CShjUEAEqqNV.jpg,0.8172883412622656,0.1565595949068665
1296476263763390464,http://pbs.twimg.com/media/Ef4CRnyWoAIqBhV.jpg,1.0,0.2173802871257066
1296476253227225089,http://pbs.twimg.com/media/Ef4CQgAWoAIUj0S.jpg,1.0,0.2184458402916789
1296476251058851842,http://pbs.twimg.com/media/Ef4CRonX0AIgcwO.jpg,1.0,0.1901767398230731
1296476247845986312,http://pbs.twimg.com/media/Ef4CRoUWsAEgbQ-.jpg,0.7409392081591843,0.1871720287017524
1296476244171804680,http://pbs.twimg.com/media/Ef4CRWmXkAA-i8k.jpg,1.0,0.1802022480405867
1296476243265806337,http://pbs.twimg.com/media/Ef4COBAWsAAZOS6.jpg,1.0,0.1549097481183707
1296476241445433345,http://pbs.twimg.com/media/Ef4CRUSXoAIUGYG.jpg,1.0,0.1137484456412494
1296476232499048448,http://pbs.twimg.com/media/Ef4CQuFWoAEu50A.jpg,1.0,0.1992207719013095
1296476230800347139,http://pbs.twimg.com/media/Ef4CQunU8AAvbuf.jpg,1.0,0.1651472109369933
1296476230280241152,http://pbs.twimg.com/media/Ef4CQjdX0AI4t35.jpg,1.0,0.2088360912166535
1296476228434657281,http://pbs.twimg.com/media/Ef4CPzjWsAA8gao.jpg,1.0,0.1926948418840766
1296476226450751498,http://pbs.twimg.com/media/Ef4CQeAUwAs35Cm.jpg,1.0,0.1762781371362507
1296476224315940866,http://pbs.twimg.com/media/Ef4CQYzXYAM45wc.jpg,1.0,0.1496655261144042
1296476222961201162,http://pbs.twimg.com/media/Ef4CQOmUwAA_SVq.jpg,0.9619803004982368,0.1909669986926019
1296476222931841030,http://pbs.twimg.com/media/Ef4CQRIVAAAY24x.jpg,1.0,0.193889086600393
1296476222864728066,http://pbs.twimg.com/media/Ef4CQPYVoAEcd0c.jpg,1.0,0.1596167739480734
1296476221971341314,http://pbs.twimg.com/media/Ef4CQN3UwAUuvqf.jpg,1.0,0.1884720912203192
1296476221015052289,http://pbs.twimg.com/media/Ef4CQKQU8AARkNz.jpg,0.8488175257190148,0.1798452506773173
1296476220796870656,http://pbs.twimg.com/media/Ef4COxfXYAQZp60.png,0.9205928359525112,0.1754012359306216
1296476218188062723,http://pbs.twimg.com/media/Ef4COxQXoAETYKS.jpg,0.9015103108858284,0.1782105918973684
1296476214769659905,http://pbs.twimg.com/media/Ef4CMTcWkAIEOqd.jpg,1.0,0.1425749189220369
1296476208352436225,http://pbs.twimg.com/media/Ef4CPdJXkAE4qGH.jpg,0.2917242325873757,0.1660520047880709
1296476206066540544,http://pbs.twimg.com/media/Ef4CARiXYAAQIml.jpg,1.0,0.1485957745462656
1296476205689036802,http://pbs.twimg.com/media/Ef4CPMlVoAEeaBy.jpg,0.919074545994968,0.1902247010730207
1296476200165048323,http://pbs.twimg.com/media/Ef4AV0gXoAEDlnx.jpg,0.3656969902437754,0.1954854819923639
1296476199221374977,http://pbs.twimg.com/media/Ef4COzjUEAAPiEf.jpg,1.0,0.1828117109835147
1296476198063808513,http://pbs.twimg.com/media/Ef4COxsXYAAHFaK.png,1.0,0.1901853862218558
1296476180913238019,http://pbs.twimg.com/media/Ef4CExHUMAEkAln.jpg,1.0,0.1741679180413484
1296476172667236357,http://pbs.twimg.com/media/Ef4CM_FXsAUNIwf.jpg,1.0,0.1785180680453777
1296476171496980482,http://pbs.twimg.com/media/Ef4CJsAXkAAe8k5.jpg,1.0,0.1849342719651758
1296476170058440706,http://pbs.twimg.com/tweet_video_thumb/Ef4CMfVUMAESPxd.jpg,0.7555089548663809,0.1783605432137847
1296476168942739457,http://pbs.twimg.com/media/Ef4CMYDXsAUPfFC.jpg,1.0,0.1281485687941312
1296476168359682048,http://pbs.twimg.com/media/Ef4CEpBWoAcUKSu.jpg,1.0,0.1049256399273872
1296476166954647552,http://pbs.twimg.com/media/Ef4CNBfXkAMOtwp.jpg,0.6205425542440106,0.1168638761155307
1296476165729849345,http://pbs.twimg.com/media/Ef4CMxCUwAAhX5F.jpg,1.0,0.1119375890120863
1296476165541179393,http://pbs.twimg.com/media/Ef4CM12WkAEo9a8.jpg,0.8693079516932729,0.1134165562689304
1296476161275564032,http://pbs.twimg.com/media/Ef4CMkuXgAEf1xJ.jpg,1.0,0.1754278452135622
1296476158427639811,http://pbs.twimg.com/media/Ef4CMS6XoAEhuid.jpg,0.9367657517397996,0.2013816032558679
1296476156938657792,http://pbs.twimg.com/media/Ef4CMHvWkAMggc4.jpg,1.0,0.170079318806529
1296476153532874753,http://pbs.twimg.com/media/Ef4CMJGU4AAy9ip.jpg,0.5985517782569267,0.1733195511624217
1296476142493470720,http://pbs.twimg.com/media/Ef4CLLjWsAQ-Jlc.jpg,1.0,0.19565822603181
1296476136038371331,http://pbs.twimg.com/media/Ef4B7egX0AUCTmE.jpg,1.0,0.2076493208296597
1296476129868554242,http://pbs.twimg.com/media/Ef4CKuRU8AIhn7F.jpg,1.0,0.2017800188623368
1296476125451956224,http://pbs.twimg.com/media/Ef4CKjeU0AERQkc.jpg,1.0,0.1995122963562607
1296476109417185280,http://pbs.twimg.com/media/Ef4CJm7WkAEtIgN.jpg,1.0,0.1489474228583276
1296476108389482497,http://pbs.twimg.com/media/Ef4CJOHWsAAsT5P.jpg,1.0,0.1797455437481403
1296476107127095297,http://pbs.twimg.com/media/Ef4CJh2WAAAToq1.jpg,1.0,0.1618705713190138
1296476105155715073,http://pbs.twimg.com/media/Ef4CJYQXgAMI4R2.jpg,1.0,0.1667238906957209
1296476098998542338,http://pbs.twimg.com/media/Ef4CI7XU0AAxLVh.jpg,1.0,0.166462822817266
1296476097417293826,http://pbs.twimg.com/media/Ef4CIAUWsAAyS0x.png,0.8123924463021284,0.1645207498222589
1296476094858657793,http://pbs.twimg.com/media/Ef4CIzGVoAAeITE.jpg,1.0,0.143770907074213
1296476093017395206,http://pbs.twimg.com/media/Ef4BA3aXkAMYOfq.jpg,0.9164904690615996,0.1391449430957436
1296476091029356544,http://pbs.twimg.com/media/Ef4B7eyXYA07IJJ.jpg,0.5029081934934589,0.1382485250942409
1296476089808834560,http://pbs.twimg.com/media/Ef4CHbBWkAI56XE.jpg,1.0,0.1551692029461264
1296476086495334405,http://pbs.twimg.com/media/Ef4B0f0WsAg1Vvk.png,0.9967518662015104,0.1574373571202159
1296476083542523904,http://pbs.twimg.com/media/Ef4CIIiWkAEeBLe.jpg,1.0,0.1577064800076186
1296476083127087104,http://pbs.twimg.com/media/Edpj7PTUwAAkWxd.png,1.0,0.1549333119764924
1296476083064320007,http://pbs.twimg.com/media/Ef36Jq8UEAE4fiZ.jpg,1.0,0.1451780600473284
1296476083043340289,http://pbs.twimg.com/media/Eft4JpAVAAI9lje.png,0.8999241074133885,0.1630318840034306
1296476083026636800,http://pbs.twimg.com/media/Eev0RT3WkAExhER.png,1.0,0.163523603696376
1296476081235595264,http://pbs.twimg.com/media/Ef4CH1eXoAAikh_.jpg,0.6552549579950522,0.1101078758947551
1296476074390491138,http://pbs.twimg.com/media/Ef4CHmWWoAAgpng.jpg,0.947376841505857,0.1336970999836921
1296476073824321542,http://pbs.twimg.com/tweet_video_thumb/Ef4B7AaXYAAxuaN.jpg,0.2504272703816065,0.1235155607573688
1296476072205266953,http://pbs.twimg.com/media/Ef4BCVJWAAIeHea.jpg,1.0,0.1239370387047529
1296476067398660096,http://pbs.twimg.com/media/Ef4ByluXoAASKaf.jpg,0.8310049691588692,0.1244170069694519
1296476067394400257,http://pbs.twimg.com/media/Ef4CHLqVAAE6wtp.jpg,0.9059731233038852,0.252011860255152
1296476062818459650,http://pbs.twimg.com/media/Ef4B8iOWoAAIGHz.png,0.8468300664791283,0.2653262410312891
1296476056665423872,http://pbs.twimg.com/media/Ef4CGi4WsAIlL0S.jpg,1.0,0.1871209731325507
1296476054983454729,http://pbs.twimg.com/media/Ef4CA4fWAAIAkwi.jpg,0.7492539800724524,0.2259406228549778
1296476051296661505,http://pbs.twimg.com/media/Ef4CDxJXYAQtqRA.jpg,1.0,0.2194366441108286
1296476043314900994,http://pbs.twimg.com/media/Ef4CBgoWoAEeq8O.jpg,1.0,0.1906745820306241
1296476042102747136,http://pbs.twimg.com/media/Ef4CFbOXkAY6fTm.jpg,0.8082698948783438,0.1802209531888365
1296476037208047619,http://pbs.twimg.com/media/Ef4CFeSXoAAZHgi.jpg,0.6878181353380091,0.1757582137361169
1296476035568017409,http://pbs.twimg.com/tweet_video_thumb/Ef4CFCoWoAIBH23.jpg,1.0,0.1878187679685652
1296476028542554112,http://pbs.twimg.com/media/Ef4CEkmWAAU103u.jpg,1.0,0.1882785581983626
1296476026671947776,http://pbs.twimg.com/media/Ef4CB4OWoAA3f2i.jpg,1.0,0.1660447297617793
1296476025078022146,http://pbs.twimg.com/media/Ef4CEpjXgAElZXk.jpg,1.0,0.1686196783557534
1296476023232638976,http://pbs.twimg.com/media/Ef4CDVHXsAAuvA8.jpg,0.9713815882531394,0.1635813107714057
1296476022364307457,http://pbs.twimg.com/media/Ef4CEdBWsAU_7Nk.jpg,1.0,0.1483218017965555
1296476021009547268,http://pbs.twimg.com/media/Ef4CETxXgAMGB0T.jpg,1.0,0.1629049759358167
1296476017318596615,http://pbs.twimg.com/media/Ef4BuHKWsAIj3Q9.jpg,1.0,0.1838824129663407
1296476015364014081,http://pbs.twimg.com/media/Ef4CDTCWsAUL9yr.jpg,1.0,0.161130647175014
1296476015229837312,http://pbs.twimg.com/media/Ef4CEHOWAAY49BE.jpg,0.7908574476742711,0.1575031797401607
1296476009718587393,http://pbs.twimg.com/media/Ef4CDzhXoAMtYaS.jpg,1.0,0.1819282681681215
1296476008921600001,http://pbs.twimg.com/media/Ef4CDfeVoAAvbpL.jpg,1.0,0.1779173738323152
1296476008254779392,http://pbs.twimg.com/media/Ef4CDfYU8AAe5e1.png,1.0,0.1646611918695271
1296476007319437318,http://pbs.twimg.com/media/Ef4BnooXsAI3lwX.jpg,0.2951527288135118,0.1715676332823932
1296476000566550528,http://pbs.twimg.com/media/Ef4B-rEXoAEBR7G.jpg,1.0,0.1702655283734202
1296475987618803714,http://pbs.twimg.com/media/Ef4B_09U0AESy7n.jpg,1.0,0.1805064571090042
1296475987341971456,http://pbs.twimg.com/media/Ef4CCdYWoAMatrl.jpg,0.765518935285037,0.1792702637612819
1296475984456228866,http://pbs.twimg.com/media/Ef4B_0yUwAA3tlD.jpg,1.0,0.2024409561417997
1296475984162627584,http://pbs.twimg.com/media/Ef4CCTFXoAAOwtG.jpg,0.8581221916605665,0.179970184341073
1296475983990730752,http://pbs.twimg.com/media/Ef4CB4OU0AI56ke.jpg,1.0,0.1864977572113275
1296475981583134722,http://pbs.twimg.com/media/Ef4CCJkWkAA404A.jpg,1.0,0.1735719139687717
1296475977573433347,http://pbs.twimg.com/media/Ef4CB6CXoAUhsBc.jpg,1.0,0.1847896911203861
1296475971911127043,http://pbs.twimg.com/media/Ef4CBh9UcAAzii3.jpg,1.0,0.1689185472205281
1296475971902726145,http://pbs.twimg.com/media/Ef4BfWSXYAQZ30J.jpg,1.0,0.2343368302099406
1296475971567210497,http://pbs.twimg.com/media/Ef4CAxdXsAEI7t6.jpg,1.0,0.2274776380509138
1296475970669600768,http://pbs.twimg.com/media/Ef4B5XVU8AA-pH9.jpg,0.8970379967838934,0.1897920412011444
1296475968358547456,http://pbs.twimg.com/media/Ef4CBccUwAAjNFS.jpg,0.6270078737775567,0.2089853198267519
1296475968140455941,http://pbs.twimg.com/media/Ef4CBbHUMAAqeOY.jpg,0.8620711787271813,0.2154663051478564
1296475967838400516,http://pbs.twimg.com/media/Ef4CBarUEAAi2pn.jpg,1.0,0.2299763229675591
1296475962931064835,http://pbs.twimg.com/media/Ef4CAAGVoAAoAea.jpg,1.0,0.2261663349345326
1296475962167693312,http://pbs.twimg.com/media/Ef4CA1vWoAclA1e.jpg,1.0,0.2199081559665501
1296475959105904640,http://pbs.twimg.com/media/EbYp1_mXsAM_lqo.jpg,1.0,0.1801572949625551
1296475956773822466,http://pbs.twimg.com/tweet_video_thumb/Ef4CAfjWkAIh3Ps.jpg,0.939407229271402,0.1665950203314423
1296475953330360320,http://pbs.twimg.com/media/Ef4B9gBXsAEJwRj.png,0.9829677788651148,0.1468994002789259
1296475949534453761,http://pbs.twimg.com/media/Ef4B7VxXsAAJ8Pt.jpg,1.0,0.1772884461097419
1296475948401991680,http://pbs.twimg.com/media/Ef4CALiWoAYIK58.jpg,0.2015386931298366,0.1757271848618984
1296475947156353024,http://pbs.twimg.com/tweet_video_thumb/Ef4B_14WsAA5cKw.jpg,0.5361356253579798,0.2031580973416566
1296475944098705408,http://pbs.twimg.com/media/Ef4CABDXkAE8HHY.jpg,1.0,0.1727886879816651
1296475939606540292,http://pbs.twimg.com/media/Ef4BbhTWoAEyNSs.jpg,1.0,0.1610035579651594
1296475937933066242,http://pbs.twimg.com/media/Ef4B_ZwWsAM-8Vp.jpg,0.7098316009960017,0.1476973029784858
1296475937501057025,http://pbs.twimg.com/media/Ef4B_exX0AAagrQ.jpg,1.0,0.1447372850961983
1296475932908310528,http://pbs.twimg.com/tweet_video_thumb/Ef4B--eWsAIX6F8.jpg,1.0,0.1582848019897937
1296475931637362689,http://pbs.twimg.com/media/Ef4B_UHXgAEGJ6I.jpg,1.0,0.1497521777637303
1296475930953691142,http://pbs.twimg.com/media/Ef4B-slVAAAcsS1.jpg,1.0,0.1315229418687522
1296475928428675072,http://pbs.twimg.com/media/Ef4B-_8UwAI1mkf.jpg,0.7181040697290587,0.1534023471176624
1296475917091577857,http://pbs.twimg.com/media/Ef4B-MyUYAE8Ujs.png,1.0,0.1824791179969906
1296475916839919616,http://pbs.twimg.com/media/Ef4B92rUwAA1ads.jpg,1.0,0.150186310056597
1296475913018839040,http://pbs.twimg.com/media/Ef4B9xuVoAUlYt2.jpg,1.0,0.1517078457400202
1296475912284839936,http://pbs.twimg.com/media/Ef312SqXYAAAxN-.jpg,1.0,0.1509526940062642
1296475911697686530,http://pbs.twimg.com/media/Ef4B92fUEAALBvD.jpg,1.0,0.158801008015871
1296475911303421953,http://pbs.twimg.com/media/Ef4B-HTX0AAPJIX.jpg,1.0,0.1568308118730783
1296475910238068736,http://pbs.twimg.com/media/Ef4B9vHXsAAixeE.jpg,1.0,0.1462901909835636
1296475909927641090,http://pbs.twimg.com/media/Ef4B-BcXsAcktYq.jpg,1.0,0.1521224332973361
1296475908585521155,http://pbs.twimg.com/media/Ef4B97AU4AEV29u.jpg,1.0,0.1312138326466083
1296475906131755010,http://pbs.twimg.com/tweet_video_thumb/Ef4B9j2UcAEt0IE.jpg,1.0,0.1854094602167606
1296475901832691713,http://pbs.twimg.com/media/Ef4B9UQWkAMC9CZ.jpg,1.0,0.1969901868142187
1296475901094494210,http://pbs.twimg.com/media/Ef4B9hKXsAM80N1.jpg,1.0,0.2085380726493895
1296475900943507457,http://pbs.twimg.com/media/Ef4B7sKWkAIVir8.jpg,1.0,0.2109024869278073
1296475896208150534,http://pbs.twimg.com/media/Ef4B8XLX0AIhhQ-.jpg,1.0,0.2088734311982989
1296475895411154945,http://pbs.twimg.com/media/Ef4B8zmU4AAPgOk.jpg,0.4707449892448096,0.2032233700156211
1296475892785479680,http://pbs.twimg.com/media/Ef4B9ECWoAEWINr.jpg,1.0,0.1932163960300386
1296475892596838400,http://pbs.twimg.com/media/Ef4B9CAWkAAbdVd.jpg,1.0,0.198904660064727
1296475892412289024,http://pbs.twimg.com/media/Ef4BtbCXYAEzCN_.jpg,1.0,0.1888293894007802
1296475890122194945,http://pbs.twimg.com/media/Ef4B810WsAI7MnB.jpg,0.6979303820910904,0.1296946313232183
1296475889014890502,http://pbs.twimg.com/media/Ef4B809X0AM_T04.jpg,1.0,0.2107952455990016
1296475886703857664,http://pbs.twimg.com/media/Ef4B8tBX0AERr5f.jpg,0.969903546817017,0.1715405029244721
1296475875613999104,http://pbs.twimg.com/media/Ef4B8AAWoAIgcpM.jpg,1.0,0.1350058778189122
1296475874880094210,http://pbs.twimg.com/media/Ef4B8BAWAAA4I3f.jpg,0.7695809064354107,0.1944985459558665
1296475873302982658,http://pbs.twimg.com/media/Ef4B7fFWoAIGOPH.jpg,0.0314144820854979,0.1883323588408529
1296475872829022208,http://pbs.twimg.com/media/Ef4B7P5XYAA3Fks.jpg,0.8834471534610577,0.1621010019443929
1296475868961951744,http://pbs.twimg.com/media/Ef4B7pXXoAA3dW7.jpg,1.0,0.1671600867994129
1296475865887444992,http://pbs.twimg.com/media/Ef4B5qxWsAIFb0Z.jpg,1.0,0.1630615079775452
1296475865807806466,http://pbs.twimg.com/media/Ef4B7U2XYAE48Bn.jpg,1.0,0.1649672542698681
1296475865065414659,http://pbs.twimg.com/media/Ef4B7abXkAIVtSe.jpg,0.4971587728986857,0.1646618726663291
1296475864750792706,http://pbs.twimg.com/media/Ef4B7bhWsAAnoAG.jpg,0.8441361155082053,0.1933802431449294
1296475864113254402,http://pbs.twimg.com/media/Ef4B1iwWsAErWPk.jpg,1.0,0.1851600538939237
1296475863882637313,http://pbs.twimg.com/media/Ef4B7U7X0AkmV-d.jpg,0.1127154441697427,0.191542824730277
1296475863802880001,http://pbs.twimg.com/media/Ef4B7YcWAAcysD9.jpg,0.4849274933168481,0.1914344229735434
1296475863505149959,http://pbs.twimg.com/media/Ef4B7O9XYAEsApU.jpg,1.0,0.1980395796708762
1296475860401365001,http://pbs.twimg.com/media/Ef4B6xbXsAAwcWW.jpg,0.9785564220808032,0.1888885488733649
1296475860254576640,http://pbs.twimg.com/media/Ef4B7MJXgAYklhq.jpg,1.0,0.1609098627232015
1296475858035773441,http://pbs.twimg.com/media/Ef4B66kVAAENZQs.jpg,1.0,0.1470295637845993
1296475856282492929,http://pbs.twimg.com/media/Ef4B6s_XkAIPx8i.jpg,0.9244827954899616,0.1555435326881706
1296475854390857730,http://pbs.twimg.com/media/Ef4B6BdXgAAATHp.jpg,0.9108765091812256,0.1390138762071728
1296475854298656768,http://pbs.twimg.com/media/Ef4B6ymXgAQwSs5.jpg,1.0,0.1375099429860711
1296475853875019776,http://pbs.twimg.com/media/Ef4B6xkXYAAJq-I.jpg,0.7876669825568909,0.1983288219198584
1296475853258395649,http://pbs.twimg.com/media/Ef4B6xcXoAAZqGt.jpg,1.0,0.2018010490573942
1296475852415393797,http://pbs.twimg.com/media/Ef4B6ueWAAERK_D.jpg,1.0,0.2553452760912478
1296475852293758982,http://pbs.twimg.com/media/Ef4B6c1U8AE-DK8.png,1.0,0.2485091667622327
1296475852180520963,http://pbs.twimg.com/media/Ef4B6s5X0AIhRY_.jpg,0.8571537848395802,0.2099147383123636
1296475851907792898,http://pbs.twimg.com/media/Ef4B6raXgAIFCB1.jpg,1.0,0.1722890031524002
1296475851169636354,http://pbs.twimg.com/media/Ef4B6g4WAAIfp-P.jpg,0.8568209915961664,0.2384583321399986
1296475850922131463,http://pbs.twimg.com/media/Ef4B6nIXYAE7itY.jpg,1.0,0.184583484660834
1296475848887984129,http://pbs.twimg.com/media/Ef4B6C7XoAEwiYC.jpg,1.0,0.1905797030776739
1296475846811811841,http://pbs.twimg.com/media/Ef4B6VKXoAo-d7m.jpg,1.0,0.1931497920304536
1296475845205336065,http://pbs.twimg.com/media/Ef4B6R9UcAAJuqH.jpg,1.0,0.1603478612378239
1296475843766689795,http://pbs.twimg.com/media/Ef4B6KeX0AEhIsJ.jpg,1.0,0.1609179177321493
1296475842529366017,http://pbs.twimg.com/media/Ef4B6IHXoAAhEwk.png,0.4661614633944911,0.18716298090294
1296475841652826114,http://pbs.twimg.com/media/Ef4B6FhXYAI8wcj.jpg,1.0,0.2023576986975968
1296475841069801472,http://pbs.twimg.com/media/Ef4B6CzWoAAZVH7.jpg,1.0,0.1536782030016183
1296475840839143427,http://pbs.twimg.com/media/Ef4B6AyXoAAJnKY.jpg,1.0,0.1877015489153564
1296475839635369985,http://pbs.twimg.com/media/Ef4B59gWoAY2PYF.jpg,0.9577336533262296,0.1637472407892346
1296475838918074368,http://pbs.twimg.com/media/Ef4B565XoAA-uzj.jpg,1.0,0.1670391196385026
1296475838800699397,http://pbs.twimg.com/media/Ef4B51pVAAA3Ht4.jpg,0.8308527493050966,0.1746619623154401
1296475834237308930,http://pbs.twimg.com/media/Ef4BoF3XYAADOUO.jpg,1.0,0.1548476913012564
1296475831599079425,http://pbs.twimg.com/media/Ef3601aXkAISXje.jpg,1.0,0.1908141816966235
1296475831573704704,http://pbs.twimg.com/media/EcV2Y0FWkAAAzGv.jpg,0.4924090106183871,0.1873281309381127
1296475831556902912,http://pbs.twimg.com/media/EewHpPmXgAAdkWq.jpg,0.9048817632591304,0.1905212942510843
1296475831510814720,http://pbs.twimg.com/media/Efo8OhTWAAAx1d_.jpg,1.0,0.1641904502175748
1296475831448088584,http://pbs.twimg.com/media/EepbRdEWAAAOBMg.jpg,0.6273863582003851,0.1520455279387533
1296475831401938945,http://pbs.twimg.com/media/Ef3QekaWsAgnt1q.jpg,1.0,0.1650154031813144
1296475830550507520,http://pbs.twimg.com/media/Ef4B5NcXgAIW07M.jpg,1.0,0.1492672003805637
1296475828977639426,http://pbs.twimg.com/media/Ef4BX56XkAcVC9x.jpg,1.0,0.1452138060703873
1296475826494623746,http://pbs.twimg.com/media/Ef4B5HbXoAQ7Usk.jpg,1.0,0.1360651492141187
1296475822623260675,http://pbs.twimg.com/media/Ef4B4nOXsAE6JBV.jpg,1.0,0.1233017798513174
1296475814867894273,http://pbs.twimg.com/media/Ef3_yW7UYAE3SW4.jpg,1.0,0.2138577150180935
1296475812250759168,http://pbs.twimg.com/media/Ef4Bcq5XsAAADzh.jpg,1.0,0.2207883317023515
1296475808152911872,http://pbs.twimg.com/media/Ef4BmirWAAEvVWp.jpg,1.0,0.1884609097614884
1296475807754399744,http://pbs.twimg.com/media/Ef4B34pU8AEDCss.jpg,1.0,0.1865054010413587
1296475806890328065,http://pbs.twimg.com/media/Ef4Bih9WoAAoHPZ.jpg,0.4481868599667492,0.2233390239998698
1296475801802739713,http://pbs.twimg.com/media/Ef4B1ZVUcAY_p-W.jpg,1.0,0.2190194129943847
1296475801022607361,http://pbs.twimg.com/media/Ef4B3TIUwAEWHXo.jpg,1.0,0.1971899811178445
1296475799453937667,http://pbs.twimg.com/media/Ef4BjVOWkAMwJw5.jpg,1.0,0.2134910090826451
1296475799319650307,http://pbs.twimg.com/media/Ef4B1rCVAAAVWoa.jpg,0.8923731342775333,0.172354744747281
1296475795418996737,http://pbs.twimg.com/media/Ef4B3YDWoAEcwFT.jpg,0.9048369475866164,0.1865598019212484
1296475794265583616,http://pbs.twimg.com/media/Ef4B3E-WkAE6jHb.jpg,1.0,0.1758508160710334
1296475793128861696,http://pbs.twimg.com/media/Ef4B3QEXkAI04mk.jpg,0.5557834799090808,0.1793936849571764
1296475787206565889,http://pbs.twimg.com/media/Ef4B2pCUEAcDc4G.png,1.0,0.1859837551601231
1296475782936756224,http://pbs.twimg.com/media/Ef4B2b2XsAAs2iU.jpg,0.5964665064967318,0.1702297190204262
1296475780952850432,http://pbs.twimg.com/media/Ef4BNLkWsAEGjKq.png,0.7146869046197004,0.179235097952187
1296475777127583751,http://pbs.twimg.com/media/Ef4ByM3XsAQnn4e.png,1.0,0.1849873610772192
1296475774179053571,http://pbs.twimg.com/tweet_video_thumb/Ef4B1qhVAAEV08V.jpg,1.0,0.168265214189887
1296475773621227521,http://pbs.twimg.com/media/Ef4B1zoWsAM59OV.jpg,0.8388330486025707,0.1692668390460312
1296475771842826240,http://pbs.twimg.com/media/Ef4B0M5XoAETgfl.jpg,0.8035225220229167,0.1595140621066093
1296475770404196353,http://pbs.twimg.com/media/Ef4B1saXkAAp1zF.jpg,1.0,0.1486673783510923
1296475769045233664,http://pbs.twimg.com/media/Ef4BuNKXsAw26jo.jpg,1.0,0.1507282126694917
1296475765937233929,http://pbs.twimg.com/media/Ef4B1n4UEAEazln.jpg,1.0,0.166519608348608
1296475763647172608,http://pbs.twimg.com/media/Ef4B1ioXgAAU2LH.jpg,0.8711835454403288,0.1612006672658026
1296475760191045639,http://pbs.twimg.com/media/Ef4B05BXYAYS9JH.jpg,0.8733858341530382,0.1245745220221579
1296475758580432898,http://pbs.twimg.com/tweet_video_thumb/Ef4BdZYXsAAmwkA.jpg,0.7046214966131711,0.1470702798105776
1296475758291025923,http://pbs.twimg.com/media/Ef4B1PHXYAIlN-o.jpg,1.0,0.1272045918740332
1296475758274260996,http://pbs.twimg.com/tweet_video_thumb/Ef4B08yWsAEC01C.jpg,1.0,0.1385834207758307
1296475754310631430,http://pbs.twimg.com/media/Ef4B0_3WoAophSZ.jpg,1.0,0.1248783799819648
1296475748748992517,http://pbs.twimg.com/tweet_video_thumb/Ef4B0MzWkAA-FLy.jpg,0.8204275246411923,0.1335059823468327
1296475742478446594,http://pbs.twimg.com/media/Ef4B0SpXsAIJ2lI.jpg,0.6744298356619741,0.1428275909274816
1296475739550887938,http://pbs.twimg.com/media/Ef4Bzm3XoAAjmZR.jpg,1.0,0.1877827607095241
1296475738451906565,http://pbs.twimg.com/media/Ef4BzXnXgAE5tVa.png,1.0,0.1851851898245513
1296475727869681664,http://pbs.twimg.com/media/Ef4BzR7XYAMtOql.jpg,0.9224786153025564,0.191176941152662
1296475727177687043,http://pbs.twimg.com/media/Ef4By7iXsAATARW.jpg,1.0,0.1881266739219427
1296475724921135106,http://pbs.twimg.com/media/Ef4By9LXYAAkWdg.jpg,1.0,0.1924604121595621
1296475722698104833,http://pbs.twimg.com/media/Ef4By6qUYAEMoBn.png,1.0,0.1703265612013638
1296475722115166210,http://pbs.twimg.com/media/Ef4BvCBWsAEdu0e.jpg,1.0,0.1934383623301983
1296475719405645825,http://pbs.twimg.com/media/Ef4ByAcXgAAdDoI.jpg,1.0,0.1881959931924939
1296475718763896834,http://pbs.twimg.com/media/Ef4ByjFVAAIJ-08.jpg,1.0,0.1398966182023286
1296475717677580290,http://pbs.twimg.com/media/Ef4By2ZUEAMq_Dr.jpg,0.331363748068129,0.1736597968265414
1296475717128126465,http://pbs.twimg.com/media/Ef4By1GU0AIZhaE.jpg,1.0,0.1645693592727184
1296475716620619776,http://pbs.twimg.com/media/Ef4ByyaU4AImm1V.jpg,0.9684212481704372,0.1634977739304304
1296475715332972547,http://pbs.twimg.com/media/Ef4ByurUEAIqdJ2.jpg,1.0,0.1573194549418985
1296475715169329162,http://pbs.twimg.com/media/Ef4BytQUEAUkGcO.jpg,1.0,0.1464282288216054
1296475715035181060,http://pbs.twimg.com/media/Ef4ByEQVoAAe-4C.jpg,1.0,0.163875340949744
1296475714930323457,http://pbs.twimg.com/media/Ef4BysKUMAEoiRb.jpg,0.7838876763939411,0.1601928807795047
1296475714842177536,http://pbs.twimg.com/media/Ef4AcLdWAAMw9Wa.png,1.0,0.1560928300023079
1296475712325586944,http://pbs.twimg.com/media/Ef4ByYgWsAAgAdi.jpg,0.9063951044318448,0.1620421409606933
1296475708395524096,http://pbs.twimg.com/media/Ef4Bxw_WsAA4N2X.jpg,0.751560975034345,0.1753226979635656
1296475707854528513,http://pbs.twimg.com/media/Ef4BufFXgAYkjmE.jpg,1.0,0.1494801989756524
1296475705744805893,http://pbs.twimg.com/media/Ef4ByBTWAAA1RUt.jpg,0.614074953496485,0.1732779731974005
1296475702817169409,http://pbs.twimg.com/media/Ef4ByB1XoAEtX2W.jpg,1.0,0.1675326540134847
1296475701927915526,http://pbs.twimg.com/media/Ef4Bx7HXkAYoxR4.jpg,1.0,0.1703522191382944
1296475698748698624,http://pbs.twimg.com/media/Ef4BwosXkAA6mJc.jpg,0.5884613004927902,0.1805464718490839
1296475697855307776,http://pbs.twimg.com/media/Ef4BxadXgAIcrlB.jpg,1.0,0.1426055361516773
1296475692574609409,http://pbs.twimg.com/media/Ef4BH6yXkAMI415.jpg,1.0,0.1246987138874828
1296475687558287360,http://pbs.twimg.com/tweet_video_thumb/Ef4Bw3kWoAE2DeT.jpg,0.9599212796393236,0.1225471580401063
1296475686673186819,http://pbs.twimg.com/media/Ef4Bs4zWkAI57Hg.jpg,1.0,0.1223268071189522
1296475679597502464,http://pbs.twimg.com/media/Ef4Bv_3WAAMfxvs.jpg,1.0,0.1204064730554819
1296475677210943488,http://pbs.twimg.com/media/Ef4BXTKWAAERb73.jpg,1.0,0.2033833377063274
1296475673587048451,http://pbs.twimg.com/media/Ef4BvNsXgAoZjtT.jpg,1.0,0.1928006489761173
1296475668218359808,http://pbs.twimg.com/media/Ef4AcpeWkAEws1A.jpg,1.0,0.1897269277833402
1296475661670981633,http://pbs.twimg.com/media/Ef4Bva9XYAA1Rig.jpg,0.93028908048801,0.2503766603767872
1296475660509155332,http://pbs.twimg.com/media/Ef4A-TLVAAU2DY5.jpg,0.7178034598152522,0.2726146150380373
1296475657933860864,http://pbs.twimg.com/media/Ef4BvVbXYAAI91G.jpg,0.983915651130018,0.2125822775997221
1296475655803146246,http://pbs.twimg.com/media/Ef4BhnpUMAAg0rq.jpg,1.0,0.1655618757940828
1296475655471849474,http://pbs.twimg.com/media/Ef4BhOOXgAMUlUk.jpg,1.0,0.1983474260196089
1296475651910893569,http://pbs.twimg.com/media/Ef4BuxHUwAAhqdg.png,0.6273148212820606,0.1856199232861399
1296475651902406657,http://pbs.twimg.com/media/Ef4ButmVoAA1wP8.jpg,0.7868970765388982,0.1389277060516178
1296475649364889605,http://pbs.twimg.com/media/Ef4Btq_WsAAQ6hv.jpg,1.0,0.1581260939128697
1296475644491071490,http://pbs.twimg.com/media/Ef4BoMoWAAArxhp.png,1.0,0.1629734938032925
1296475641601306624,http://pbs.twimg.com/media/Ef4BuHmXYAcOgae.jpg,0.299676863839012,0.1569025851786136
1296475635301470211,http://pbs.twimg.com/media/Ef4BWjXXgAASC-r.jpg,1.0,0.1652941550128162
1296475634810707968,http://pbs.twimg.com/media/Ef4BttOX0AEFb1-.jpg,1.0,0.1651185369119048
1296475628410220544,http://pbs.twimg.com/media/Ef4BrhwXgAEo41C.jpg,0.1946678070554066,0.1704549007117748
1296475627671957516,http://pbs.twimg.com/media/Ef4BjFTXsAAMjHb.jpg,1.0,0.1544026881456375
1296475626124259335,http://pbs.twimg.com/tweet_video_thumb/Ef4BtTFU8AANxif.jpg,0.8261137102398007,0.1309478860348463
1296475625214140417,http://pbs.twimg.com/media/Ef4BsXmWsAE0RDG.jpg,1.0,0.179005067795515
1296475620541595653,http://pbs.twimg.com/media/Ef4Bsr6X0AAUv6j.jpg,1.0,0.1665092292241752
1296475620491370497,http://pbs.twimg.com/media/Ef4BsZjUMAA9S8u.jpg,1.0,0.1611997941508889
1296475606243258368,http://pbs.twimg.com/media/Ef4BrjQXkAIs7ei.jpg,1.0,0.1705506397411227
1296475606088060930,http://pbs.twimg.com/media/Ef4Br8JWoAEz5Mo.jpg,1.0,0.1685279053635895
1296475606050381824,http://pbs.twimg.com/media/Ef4BsXXU4AAqVEr.jpg,0.8160908054342021,0.1557359928265214
1296475601604349957,http://pbs.twimg.com/media/Ef4BrnuWoAcoLyN.jpg,0.934383754340688,0.1737890387885272
1296475600731934722,http://pbs.twimg.com/media/Ef4BnFSWoAIZuB3.jpg,0.2635567824584058,0.1595271658152341
1296475600560029696,http://pbs.twimg.com/media/Ef4Br91X0AIY74y.jpg,0.8399478885937154,0.1465651439502835
1296475600224489475,http://pbs.twimg.com/media/Ef4BhzAWAAA2pK0.jpg,1.0,0.1522139627486467
1296475596437028864,http://pbs.twimg.com/media/Ef4BrHSWkAA_gEc.jpg,0.9103768973106944,0.1379752028733492
1296475594922876932,http://pbs.twimg.com/media/Ef4BrqgXgAMuUh4.png,1.0,0.1478883200325071
1296475594713071624,http://pbs.twimg.com/media/Ef4BrnDXgAIdagi.jpg,1.0,0.134984488133341
1296475594688004099,http://pbs.twimg.com/media/Ef4BrqWXoAIYX4W.jpg,0.9734507267679876,0.1166891688480973
1296475590187507712,http://pbs.twimg.com/media/Ef4BrbVXgAAMcI9.jpg,1.0,0.1883314670994877
1296475587243053059,http://pbs.twimg.com/media/Ef4BeZjXkAM6sqr.jpg,1.0,0.1717013027518987
1296475586479697923,http://pbs.twimg.com/media/Ef4BpxhXYAEhHeK.jpg,1.0,0.1910788370296359
1296475585821245440,http://pbs.twimg.com/media/Ef4BrMyXgAcGgNi.jpg,0.8805099007439252,0.185948709025979
1296475585716387840,http://pbs.twimg.com/media/Ef4AdH_WoAEzQwa.jpg,1.0,0.203256320208311
1296475581807235072,http://pbs.twimg.com/media/Ef4BqrcUYAULCO1.png,0.6522539659192572,0.1671282770112157
1296475580548997124,http://pbs.twimg.com/media/Ef4BqrNXYAIZF1M.jpg,1.0,0.1866479972377419
1296475579794034689,http://pbs.twimg.com/media/EfYM2oSWsAA3gvZ.jpg,1.0,0.1827089968137443
1296475579756183554,http://pbs.twimg.com/media/Ef3kSbmUMAAAnnw.jpg,1.0,0.1645605331286788
1296475579680804868,http://pbs.twimg.com/media/Ef1YmbkXsAAH42Y.jpg,0.9752210863361148,0.1635957676917314
1296475576480522240,http://pbs.twimg.com/media/Ef4BpoIVoAAYWtn.jpg,1.0,0.1531801610253751
1296475576115638272,http://pbs.twimg.com/media/Ef4Bpm3X0AIXJWt.png,0.944663984170656,0.1483091679401695
1296475572072259585,http://pbs.twimg.com/tweet_video_thumb/Ef4BqF3WsAMbCL5.jpg,0.9481307450599028,0.1477537979371845
1296475569098493952,http://pbs.twimg.com/media/Ef4Bp4YWoAEJ6al.jpg,0.9046185654451684,0.1541002318263054
1296475568121225219,http://pbs.twimg.com/media/Ef4BqCYVAAA2CI0.jpg,1.0,0.1618272699415683
1296475561628504064,http://pbs.twimg.com/media/Ef4BoLVWsAEWgeA.jpg,1.0,0.1627696021459996
1296475557740388355,http://pbs.twimg.com/media/Ef4BpfvWkAIUELR.png,1.0,0.1597092156298458
1296475557589389312,http://pbs.twimg.com/media/Ef4BpUiXkAI4C-a.jpg,1.0,0.1534364498220384
1296475549762822148,http://pbs.twimg.com/media/Ef4BpFIU4AAdwZb.jpg,1.0,0.1509050140157342
1296475548630360064,http://pbs.twimg.com/media/Ef4BoNUUMAEP5g6.jpg,1.0,0.1852235118858516
1296475548428963840,http://pbs.twimg.com/media/Ef4Bo5cX0AQiWVT.jpg,0.9208796343097058,0.1865801201201975
1296475546306654210,http://pbs.twimg.com/media/Ef4BooEWkAAw0Ol.jpg,1.0,0.1872835061512887
1296475539780382721,http://pbs.twimg.com/media/Ef4BoRgUEAA-dRK.jpg,1.0,0.165597032289952
1296475537892925441,http://pbs.twimg.com/media/Ef4BoREXYAUpXLt.jpg,1.0,0.1713914731517434
1296475537762852866,http://pbs.twimg.com/tweet_video_thumb/Ef4BnjEX0AAKomr.jpg,1.0,0.3290718225762248
1296475534885609473,http://pbs.twimg.com/media/Ef4BTrlXsAMvkNQ.jpg,1.0,0.3442619927227497
1296475532129980416,http://pbs.twimg.com/media/Ef4BoEHWsAcrZf1.jpg,0.9625690433472672,0.365415119100362
1296475523737096196,http://pbs.twimg.com/media/Ef4BnedUcAAjSld.jpg,1.0,0.3533426830545068
1296475519236689920,http://pbs.twimg.com/media/Ef4BnLGWAAELXgF.jpg,0.953223662601924,0.3419993999414146
1296475516791398405,http://pbs.twimg.com/media/Ef4BnEDU0AA4iIt.jpg,1.0,0.3351997579447925
1296475516036427777,http://pbs.twimg.com/media/Ef4BmwqWsAMRdtg.jpg,0.8500224303517835,0.3418353027664125
1296475515486969858,http://pbs.twimg.com/media/Ef4BmShUYAAIv3m.jpg,1.0,0.2034846269525587
1296475512785768451,http://pbs.twimg.com/media/Ef4BmqFVAAAd1L6.png,1.0,0.1965407058596611
1296475501842894848,http://pbs.twimg.com/media/Ef4BmJ7U0AIZruQ.jpg,1.0,0.1715983902104199
1296475499234025474,http://pbs.twimg.com/media/Ef4BmBAXgAAeB1k.jpg,1.0,0.1996232131496071
1296475496742555648,http://pbs.twimg.com/media/Ef4BlteXoAMqFZj.jpg,1.0,0.2018051650375127
1296475494775496708,http://pbs.twimg.com/media/Ef4BlgXU8AIwpxF.jpg,0.8629791536716857,0.1869710208848118
1296475491625574400,http://pbs.twimg.com/media/Ef4BKLuXsAMeaCg.png,0.7775026216024583,0.1882350156083703
1296475490681851912,http://pbs.twimg.com/media/Ef4Blm9UMAA14To.jpg,0.7013086185303614,0.1947790798731148
1296475488286892032,http://pbs.twimg.com/media/Ef4BlVRWoAgn_wo.jpg,0.9531988461073504,0.146110993809998
1296475485703217154,http://pbs.twimg.com/media/Ef4BlKNX0AESupR.jpg,0.9392919485007268,0.1576681770384311
1296475483119529985,http://pbs.twimg.com/media/Ef4BlEjXoAAjFup.jpg,0.6828719862251611,0.1610936569049954
1296475481731215362,http://pbs.twimg.com/media/Ef4Bc_nXkAAZW02.png,1.0,0.1489496552385389
1296475480783294464,http://pbs.twimg.com/media/Ef4BlDzXsAIX5TN.jpg,0.7295446935031856,0.1517980648204684
1296475480233844736,http://pbs.twimg.com/media/Ef4BlCjWkAEAnlp.jpg,1.0,0.1833782489411533
1296475478761635841,http://pbs.twimg.com/media/Ef4Bk5UX0AYdqGI.jpg,1.0,0.1780839241109788
1296475473384550401,http://pbs.twimg.com/media/Ef4BkKZXoAk55MQ.png,1.0,0.1734408368356526
1296475469479641092,http://pbs.twimg.com/media/Ef4BkUoWAAIF7co.jpg,1.0,0.1524078664369881
1296475469408284680,http://pbs.twimg.com/media/Ef4Bj69WsAEuHxO.jpg,0.8758960455719411,0.1867232681252062
1296475467885707264,http://pbs.twimg.com/media/Ef4BhuXWsAAEoXF.jpg,1.0,0.1361399702727794
1296475466954608643,http://pbs.twimg.com/media/Ef4BOV_WAAEAk2h.png,1.0,0.1714653512462973
1296475463150374913,http://pbs.twimg.com/media/Ef4BkCaU8AAGC4d.jpg,0.8045988214938968,0.1618467350490391
1296475461015437314,http://pbs.twimg.com/media/Ef31Uu5WsAIb_Ge.jpg,1.0,0.163846876937896
1296475453843214336,http://pbs.twimg.com/media/Ef4BdXPXkAAQt-_.jpg,1.0,0.1632617227733135
1296475452761137153,http://pbs.twimg.com/media/Ef4BjTFUEAAQlfA.jpg,0.8084319052016283,0.1443779519759118
1296475449128869890,http://pbs.twimg.com/media/Ef4ARuUXoAgtxUL.jpg,1.0,0.1673033940605819
1296475447925104641,http://pbs.twimg.com/media/Ef4BjIIXsAAmh1_.jpg,1.0,0.1480813310481608
1296475445706317836,http://pbs.twimg.com/media/Ef4Bg_3WoAAoRvl.jpg,1.0,0.1350311450660228
1296475444859080707,http://pbs.twimg.com/media/Ef4Bi--X0AAWqAR.jpg,1.0,0.1403719568625092
1296475442803769345,http://pbs.twimg.com/media/Ef4Bis1WsAAgBGi.jpg,1.0,0.1410323227755725
1296475440329166849,http://pbs.twimg.com/media/Ef4BiO2XYAAvV0y.jpg,1.0,0.1384224700741469
1296475433878388742,http://pbs.twimg.com/media/Ef4BiPcWsAAPTXv.jpg,0.8254095874674204,0.138542384840548
1296475433572196352,http://pbs.twimg.com/media/Ef4BiBpU0AAY7NF.png,0.9615007398779182,0.1985780172981321
1296475431487639553,http://pbs.twimg.com/media/Ef4Bh23WsAAz5Ju.jpg,0.9855630428485458,0.1791625022888183
1296475431323996161,http://pbs.twimg.com/media/Ef4Bh7wXsAMVV5m.jpg,1.0,0.2107135117985308
1296475431273672704,http://pbs.twimg.com/media/Ef4BiE3UwAAV81Z.jpg,1.0,0.2090083309449255
1296475431252774913,http://pbs.twimg.com/media/Ef4Bho5WkAURU3G.jpg,1.0,0.2400346901267767
1296475429675700228,http://pbs.twimg.com/media/Ef4BiDZWsAAK97p.jpg,1.0,0.2041679457761347
1296475429088432128,http://pbs.twimg.com/media/Ef4Bh2TUcAAoYh0.jpg,1.0,0.2060935078188777
1296475423832977415,http://pbs.twimg.com/media/Ef4BhruWsAMwLdB.jpg,1.0,0.2185828350484371
1296475422297919488,http://pbs.twimg.com/media/Ef4Bhb2XsAkfoFS.png,0.8112304818231084,0.1574197928421199
1296475418216796163,http://pbs.twimg.com/media/Ef39OcYUMAEVxMZ.jpg,1.0,0.1758143878541886
1296475416891404293,http://pbs.twimg.com/tweet_video_thumb/Ef4BbKaWoAA8bND.jpg,1.0,0.1604158780537545
1296475412227330050,http://pbs.twimg.com/media/Ef4BhEXWAAQmsxL.jpg,1.0,0.1684935009106993
1296475410524405763,http://pbs.twimg.com/media/Ef4BetyVAAE33JX.jpg,0.4753005784702823,0.1753666196018457
1296475404895760385,http://pbs.twimg.com/media/Ef4BgcuVoAEbos8.jpg,0.8706265063182018,0.1557413632981479
1296475402739777536,http://pbs.twimg.com/media/Ef4BelqVAAAw0Q9.jpg,1.0,0.1831692680716514
1296475401477328898,http://pbs.twimg.com/media/Ef4BfJnWkAEFRRh.jpg,1.0,0.196890439838171
1296475394095357953,http://pbs.twimg.com/tweet_video_thumb/Ef4Bc7zWkAAG-nS.jpg,0.7549108068972605,0.1611953671090304
1296475391176183815,http://pbs.twimg.com/tweet_video_thumb/Ef4BfWvWAAAXtf7.jpg,1.0,0.1676169000566005
1296475390131744776,http://pbs.twimg.com/media/Ef4BfxkWkAMc9LV.png,1.0,0.1632955861277878
1296475389431361537,http://pbs.twimg.com/media/Ef4BdvEXoAI8XaY.jpg,0.8780569371258425,0.1662844880484044
1296475387371888642,http://pbs.twimg.com/media/Ef4Bef9UYAEHnd3.jpg,0.9045038227090032,0.168311049696058
1296475381629964290,http://pbs.twimg.com/media/Ef4BeaqUwAAsKge.jpg,0.8167569788441166,0.1821194542571902
1296475378295463936,http://pbs.twimg.com/media/Ef3_KKhWoAAQx8U.jpg,1.0,0.1629744349047541
1296475377754427394,http://pbs.twimg.com/media/Ef4BeVrU0AE58b3.jpg,0.9013206642528164,0.1470179110765457
1296475372842868736,http://pbs.twimg.com/media/Ef4Bd97UwAESwXo.jpg,1.0,0.1238157306797802
1296475367344082947,http://pbs.twimg.com/media/Ef4BeEpU0AEmTxf.png,1.0,0.1098006502725184
1296475364521398272,http://pbs.twimg.com/media/Ef4BduwUwAUi1W5.jpg,0.5492330149128013,0.1216599480248987
1296475363061751808,http://pbs.twimg.com/media/Ef4BENXWAAQbXmX.jpg,1.0,0.1087412480264902
1296475353154715649,http://pbs.twimg.com/media/Ef4BdoaUYAEYpWo.jpg,0.6093183109036558,0.1875991970300674
1296475352240398337,http://pbs.twimg.com/media/Ef4BdlvVAAA0773.jpg,0.9956725641076593,0.1559211886487901
1296475349182808064,http://pbs.twimg.com/media/Ef4Bc51U8AAJTZR.jpg,0.972005415366744,0.2260811440646648
1296475348130058243,http://pbs.twimg.com/media/Ef4BdWSVoAAiMU7.jpg,1.0,0.2118136403150856
1296475345651142659,http://pbs.twimg.com/media/Ef4BPLhWsAcMhHJ.jpg,1.0,0.1485911551862955
1296475343616913408,http://pbs.twimg.com/media/Ef4BdFIUMAABV26.jpg,0.0769270931283409,0.1804486778564751
1296475343440744448,http://pbs.twimg.com/media/Ef4BdFVU0AIkkQD.jpg,0.9587109720049452,0.2119673769921064
1296475342358683653,http://pbs.twimg.com/media/Ef4Bc5OX0AA6AQc.jpg,0.8515694371237883,0.2124645682051777
1296475340991340544,http://pbs.twimg.com/media/Ef4Bc6wWoAACB8v.jpg,1.0,0.1986068813130259
1296475340655788034,http://pbs.twimg.com/media/Ef4Bc6KUEAAiuoK.jpg,1.0,0.1638335017487406
1296475340295020545,http://pbs.twimg.com/media/Ef4BcgGXYAAZWLT.jpg,1.0,0.1798140308819711
1296475339959545858,http://pbs.twimg.com/media/Ef4Bc2MU8AAHcS7.jpg,0.9293955706306736,0.1757092410698533
1296475338193735692,http://pbs.twimg.com/media/Ef4BcwXUEAAZ8AW.jpg,0.5201597338988193,0.1601596986874938
1296475336356646914,http://pbs.twimg.com/media/Ef4BcqPXgAMxwZT.jpg,0.8826754184720303,0.1752372980117797
1296475335786102786,http://pbs.twimg.com/media/Ef4BconU0AAPP8Q.jpg,1.0,0.1869627758860588
1296475333483540485,http://pbs.twimg.com/media/Ef4BbndXsAMt-kJ.jpg,0.995613482645243,0.192397944163531
1296475327250694144,http://pbs.twimg.com/media/Ef4BZ8KUcAA7sxD.jpg,1.0,0.2118042022921145
1296475326667776000,http://pbs.twimg.com/media/Ef4BcGeU0AMb_NX.jpg,1.0,0.1435905490070581
1296475325333934081,http://pbs.twimg.com/media/Ef4BadbUYAAGI5Q.jpg,1.0,0.178010846953839
1296475324419641358,http://pbs.twimg.com/media/Ef4Bbu8XgAAUyEu.jpg,1.0,0.1616507689468562
1296475324226703361,http://pbs.twimg.com/media/Ef4BaSYXoAEzISW.jpg,0.9536065128658948,0.1634709937497973
1296475322188279809,http://pbs.twimg.com/media/Ef4Bb0KWsAAEdIj.jpg,1.0,0.1681092823855579
1296475316089688065,http://pbs.twimg.com/media/Ef4BZ6jX0AAY59F.jpg,1.0,0.189618824981153
1296475314386874371,http://pbs.twimg.com/media/Ef4BZ2pXkAIuB7X.jpg,1.0,0.1789326108992099
1296475303745921024,http://pbs.twimg.com/media/Ef4BalNUEAAvs-l.jpg,1.0,0.1318757208064198
1296475296179335170,http://pbs.twimg.com/media/Ef4BWAEXoAAAwc-.jpg,0.8539266707194284,0.1299086608923971
1296475293943767041,http://pbs.twimg.com/media/Ef4BZ1tWAAAdVhE.jpg,1.0,0.1225614850409329
1296475290227683328,http://pbs.twimg.com/media/Ef4BZdrXkAAZJxT.jpg,1.0,0.1950958729721605
1296475289741131776,http://pbs.twimg.com/media/Ef4BZ3TX0AIpQm4.jpg,1.0,0.228901098947972
1296475289556594692,http://pbs.twimg.com/media/Ef4BPW5XoAAtuef.jpg,0.2222724103376466,0.1942836819216609
1296475278479446016,http://pbs.twimg.com/media/Ef4BCs0WoAE25G7.jpg,0.9800088832379604,0.1969741568900644
1296475276801712130,http://pbs.twimg.com/media/Ef3__jVWkAIgSfC.png,1.0,0.2042411020956933
1296475275635699712,http://pbs.twimg.com/media/Ef39XEDWAAIzU0C.png,1.0,0.1838022931478917
1296475274805207042,http://pbs.twimg.com/media/Ef4BY4-XsAE_0g8.jpg,0.7479603053413153,0.2449548551812768
1296475271365898240,http://pbs.twimg.com/media/Ef4BWAPWAAIX2oJ.jpg,0.9843442326479422,0.2021865779533982
1296475269411287040,http://pbs.twimg.com/media/Ef4BXo0WAAE6ZV-.jpg,1.0,0.1693568960763514
1296475263572873216,http://pbs.twimg.com/media/Ef4AmtOXoAI5wkt.jpg,1.0,0.1527089192532003
1296475261203087361,http://pbs.twimg.com/media/Ef3_bUoX0AY0u4D.jpg,0.8586635776444367,0.1861955691128969
1296475258787188738,http://pbs.twimg.com/tweet_video_thumb/Ef4BX4DX0AI8hHL.jpg,1.0,0.1804887428879737
1296475258522947584,http://pbs.twimg.com/media/Ef4BWjjUcAAjPAn.jpg,1.0,0.1912608565762639
1296475255016435712,http://pbs.twimg.com/media/Ef4BXnuXYAI0TR2.png,1.0,0.1820445442572236
1296475245415665667,http://pbs.twimg.com/media/Ef36sNYXYAAIBWQ.jpg,0.9968753946398752,0.1720735393464565
1296475237538725888,http://pbs.twimg.com/media/Ef4BW0tXgAMm2jQ.jpg,1.0,0.1715712090954184
1296475233331884034,http://pbs.twimg.com/media/Ef4BWYyXsAMeE3i.jpg,1.0,0.1847911719232797
1296475233130553347,http://pbs.twimg.com/media/Ef4BSuVU0AITdVg.jpg,0.6980337121413741,0.1635308349505067
1296475228969873410,http://pbs.twimg.com/media/Ef4BWAJXsAIzxkf.jpg,1.0,0.1741299359127879
1296475216349138946,http://pbs.twimg.com/tweet_video_thumb/Ef4BTCBXoAA16xM.jpg,0.8736562734972213,0.1850835187360644
1296475214407241728,http://pbs.twimg.com/media/Ef4BUOXXYAEq3lz.jpg,1.0,0.1557277860119938
1296475214373675015,http://pbs.twimg.com/media/Ef4BLCVWAAIFqCP.jpg,0.97087814434133,0.1974475621245801
1296475211999645699,http://pbs.twimg.com/tweet_video_thumb/Ef4BVC3XkAQ_8Hk.jpg,0.457651170828884,0.1968461470678448
1296475210921713665,http://pbs.twimg.com/media/Ef4BSjoVoAEf88_.jpg,0.9352332493491844,0.1782808722928166
1296475207696359425,http://pbs.twimg.com/media/Ef4BVMNXsAEVeFK.jpg,1.0,0.1570599190890789
1296475205850857472,http://pbs.twimg.com/media/Ef4BVEaVAAALJuG.jpg,1.0,0.1783339022658765
1296475204751970304,http://pbs.twimg.com/media/Ef4BLOAWsAUjc2Q.jpg,1.0,0.1670370958745479
1296475204273811463,http://pbs.twimg.com/tweet_video_thumb/Ef4BUPNXgAUexaS.jpg,0.7399370177323636,0.1639829222112894
1296475202726113286,http://pbs.twimg.com/media/Ef4A0ojWAAUa-0j.jpg,1.0,0.1440371051430702
1296475202109480960,http://pbs.twimg.com/media/Ef4BU2ZWAAM_QgX.jpg,0.7668180095191781,0.1186654260382056
1296475198213021696,http://pbs.twimg.com/media/Ef4BUp_XkAA3Zq5.jpg,0.8591297640879434,0.1833467497490346
1296475197365784583,http://pbs.twimg.com/media/Ef4AyUmXkAA4tqY.jpg,0.7469196111585091,0.2315072850324213
1296475194614329345,http://pbs.twimg.com/media/Ef4BUNjWAAQnn2X.jpg,1.0,0.1898054936900735
1296475194509451264,http://pbs.twimg.com/media/Ef4BTYSXoAEOAKn.jpg,1.0,0.1939489562064409
1296475190080294917,http://pbs.twimg.com/media/Ef4BUAjXYAI8Ecb.jpg,1.0,0.187958728056401
1296475188801011715,http://pbs.twimg.com/tweet_video_thumb/Ef4BToDXgAEAEn4.jpg,1.0,0.1716764350421726
1296475187957899268,http://pbs.twimg.com/media/Ef4BO-AXkAAqxy6.jpg,1.0,0.1862625046633184
1296475187102257155,http://pbs.twimg.com/media/Ef4BToIXsAEzOqp.jpg,1.0,0.2523547597229481
1296475182132088832,http://pbs.twimg.com/media/Ef4BTp6XoAAkamu.jpg,1.0,0.152648776769638
1296475180215271425,http://pbs.twimg.com/media/Ef4BTm3WkAE2vec.jpg,1.0,0.1590331709012389
1296475179988791297,http://pbs.twimg.com/media/Ef4A4yZXYAIFPUH.jpg,0.1216907765126181,0.192310209851712
1296475179447660547,http://pbs.twimg.com/media/Ef4BTWGU4AAajcR.jpg,1.0,0.1510748011060059
1296475179070246913,http://pbs.twimg.com/media/Ef4BTd0WAAIBVV0.jpg,1.0,0.15493268892169
1296475178944397314,http://pbs.twimg.com/media/Ef4BB-qWkAAU5yC.jpg,1.0,0.1885133758187294
1296475178159964163,http://pbs.twimg.com/media/Ef4BTAYXoAEJX11.jpg,0.9401144352905536,0.1506322431378066
1296475174280278017,http://pbs.twimg.com/media/Ef4Al1gXsAAR9aM.jpg,1.0,0.1555187050253152
1296475171889577987,http://pbs.twimg.com/media/Ef4A78OUcAAZWhr.jpg,1.0,0.188476167153567
1296475170845097988,http://pbs.twimg.com/media/Ef4BSvaWoAA7UiN.jpg,0.921449266321199,0.1725609707646072
1296475167842066432,http://pbs.twimg.com/media/Ef4A5W0XoAsoQef.jpg,1.0,0.1976681039668619
1296475166281695234,http://pbs.twimg.com/media/Ef4BSx2VAAIDXiJ.jpg,0.4960641535488287,0.1435585091821849
1296475162716655622,http://pbs.twimg.com/media/Ef4BSJUXkAEWoJL.jpg,1.0,0.1539747267961502
1296475159986085891,http://pbs.twimg.com/media/Ef4BFciWoAM1jK6.jpg,1.0,0.1620487333275377
1296475159759663104,http://pbs.twimg.com/media/Ef4BQ5QUMAE5pnG.png,0.7673697813243938,0.1473327809944749
1296475156316069888,http://pbs.twimg.com/media/Ef4BG-3WAAAF2xg.jpg,0.1429330199055714,0.1456520347855985
1296475155473010691,http://pbs.twimg.com/media/Ef4BSB9WAAAUZ3f.jpg,0.6651885908501407,0.1675782883539796
1296475155355652107,http://pbs.twimg.com/media/Ef4A_UAUMAEOhzR.png,1.0,0.1587573648430407
1296475153661145088,http://pbs.twimg.com/media/Ef4BSDTWoAII3tJ.jpg,1.0,0.1568181561306119
1296475152465694721,http://pbs.twimg.com/media/Ef4BR7SWoAYxyaB.jpg,1.0,0.1712321937084198
1296475139001942018,http://pbs.twimg.com/media/Ef4BKE8WkAQ9V7V.jpg,0.1450800979516199,0.1599390762858092
1296475136988676096,http://pbs.twimg.com/media/Ef4BRE6WsAI8uMt.jpg,1.0,0.1525094951502978
1296475134828707840,http://pbs.twimg.com/media/Ef4BQobVAAEszVP.jpg,1.0,0.1578530832193792
1296475133750784001,http://pbs.twimg.com/media/Ef4BMnIWoAAfLJQ.jpg,1.0,0.1478351596742868
1296475133465505792,http://pbs.twimg.com/media/Ef4BQz-XkAALRI7.jpg,1.0,0.2180795730091631
1296475133083885569,http://pbs.twimg.com/media/Ef4BPYsXkAAnplg.jpg,1.0,0.1709731388837099
1296475129736822788,http://pbs.twimg.com/media/Ef4BNevVAAED0_8.jpg,1.0,0.1902722869999706
1296475127266320386,http://pbs.twimg.com/media/Ef4BPafXYAAzo2r.png,1.0,0.189082751981914
1296475126704349184,http://pbs.twimg.com/media/Ef4BO3vXoAEc-ER.jpg,0.2931209257074255,0.1833387352526188
1296475121490722816,http://pbs.twimg.com/tweet_video_thumb/Ef4BPmQWsAAPJhe.jpg,0.9963223770595578,0.1854592519812286
1296475118898745348,http://pbs.twimg.com/media/Ef4BP8oWkAc_SJv.jpg,1.0,0.1795928459614515
1296475117107777536,http://pbs.twimg.com/media/Ef4BNH-WoAEQJHa.png,1.0,0.2625704719685018
1296475116583424004,http://pbs.twimg.com/media/Ef4BPlSWkAMGA4h.png,1.0,0.1915730410255491
1296475114540761091,http://pbs.twimg.com/media/Ef4BPvIXsAUTQ55.jpg,1.0,0.1689089871942997
1296475113450340353,http://pbs.twimg.com/media/Ef4BPHAXYAA0PS3.jpg,1.0,0.1768607846461236
1296475112674406401,http://pbs.twimg.com/media/Ef4BEafUMAAU4Yp.jpg,1.0,0.1649830527603626
1296475111957106691,http://pbs.twimg.com/media/Ef4BMfQWsAA7WX0.jpg,1.0,0.1603353372775018
1296475107255365636,http://pbs.twimg.com/media/Ef4BCJEXkAICfgt.jpg,1.0,0.1675897999666631
1296475104973594626,http://pbs.twimg.com/media/Ef4BO5zX0AAmELe.jpg,0.855347797085396,0.1809124760329723
1296475103233024000,http://pbs.twimg.com/media/Ef4BPDAXYAAbm4J.jpg,1.0,0.1819926267489791
1296475100141805572,http://pbs.twimg.com/media/Ef4BO55U0AAP3Kl.jpg,0.5240498342870284,0.1753483559004962
1296475100112355329,http://pbs.twimg.com/media/Ef4BO3uWAAAuJOK.jpg,0.90870415148979,0.1628065509721636
1296475099269402625,http://pbs.twimg.com/media/Ef4BOR7WsAYRRRL.jpg,1.0,0.1799933449365198
1296475099189608449,http://pbs.twimg.com/media/Ef4BODLX0AE26xX.jpg,1.0,0.183446004986763
1296475098426355714,http://pbs.twimg.com/media/Ef4BOjgX0AI_n-4.jpg,1.0,0.1720883371308446
1296475097319067650,http://pbs.twimg.com/media/Ef4BOtmU4AE3Nhg.jpg,1.0,0.1779930829070508
1296475094726959104,http://pbs.twimg.com/media/Ef4BOmqXgAAQ5--.jpg,1.0,0.1771627897396683
1296475093711949825,http://pbs.twimg.com/media/Ef4BOiKU8AYk0Ca.jpg,0.0159977728432462,0.1655688383616507
1296475091736428545,http://pbs.twimg.com/media/Ef4BObSVoAExIp4.jpg,0.6143047270651149,0.148352918215096
1296475091166011401,http://pbs.twimg.com/media/Ef4BOYEVoAAF7e3.jpg,1.0,0.1490976721979677
1296475090742280194,http://pbs.twimg.com/media/Ef4BORmXoAc0E4Z.jpg,1.0,0.1529576727189123
1296475090570420233,http://pbs.twimg.com/media/Ef4BOUhWoAIxgRf.jpg,0.805912163024187,0.1441189981997013
1296475088800428032,http://pbs.twimg.com/media/Ef4BEyRXgAUy-7O.jpg,1.0,0.1425176211632788
1296475085734400001,http://pbs.twimg.com/media/Ef4BN1JUMAAzNaV.jpg,1.0,0.1392333260737359
1296475083347828736,http://pbs.twimg.com/media/Ef4BN8qXsAEwMSw.jpg,1.0,0.1962685058824718
1296475083251355649,http://pbs.twimg.com/media/Ef4BN8gXkAM0JDz.png,1.0,0.1828721920028329
1296475082643124224,http://pbs.twimg.com/media/Ef4BNr1X0AAHKtR.jpg,1.0,0.2237013801932335
1296475079522562049,http://pbs.twimg.com/media/Ef4BNTtWAAQrSGm.jpg,1.0,0.2093836828134954
1296475078042046466,http://pbs.twimg.com/media/Ef4BNoFXsAAXrt4.jpg,0.2597968883851638,0.1607595011591911
1296475076515082240,http://pbs.twimg.com/media/Ef2utFwXYAAnuDe.jpg,1.0,0.1799030578695237
1296475066042114049,http://pbs.twimg.com/media/Ef4BMh5XsAcgW7Q.jpg,1.0,0.1858495329506695
1296475064389468163,http://pbs.twimg.com/media/Ef4BMwIXsAAyG9g.jpg,0.9094651064292312,0.2061645300127565
1296475058379137024,http://pbs.twimg.com/media/Ef4BDl6XoAka5O5.jpg,1.0,0.1645619450137019
1296475051605340163,http://pbs.twimg.com/media/Ef4BKLRXgAgoiEk.jpg,0.9568097936303606,0.1607534592039883
1296475048509943808,http://pbs.twimg.com/media/Ef4BL4_XkAAI84k.jpg,1.0,0.1404519965872168
1296475047658389504,http://pbs.twimg.com/media/Ef4BL2lU0AA7LPJ.jpg,0.9456232587441048,0.1258777789771556
1296475046932893696,http://pbs.twimg.com/media/Ef4A-_ZUwAIZBI1.jpg,0.6719805157978692,0.1743799927644431
1296475044172963840,http://pbs.twimg.com/media/Ef4BLqGWAAMOVuJ.png,1.0,0.1281338199041783
1296475038477094913,http://pbs.twimg.com/media/Ef4BLSiXkAM4NuR.jpg,0.140514939012572,0.148420856334269
1296475037676056578,http://pbs.twimg.com/media/Ef4BKXqXsAgfamj.jpg,1.0,0.1516569098457694
1296475036279242757,http://pbs.twimg.com/media/Ef4BLBVUEAATYwN.jpg,1.0,0.1568941287696361
1296475035604078592,http://pbs.twimg.com/media/Ef3_wbmWoAI-EAy.jpg,0.991662856487594,0.1446423260495066
1296475032764534789,http://pbs.twimg.com/media/Ef4BKI9UYAE1_9C.png,1.0,0.1448554247617721
1296475032412200960,http://pbs.twimg.com/media/Ef4BK1lWoAATEpI.jpg,0.4493844010556885,0.1484692962840199
1296475029010558976,http://pbs.twimg.com/media/Ef4BKvXVAAAxMk_.jpg,0.9877595675641416,0.1673289309255778
1296475026661810177,http://pbs.twimg.com/media/Ef4BKABUYAIhfd_.jpg,1.0,0.1683407751843333
1296475024694620160,http://pbs.twimg.com/media/Ef4BKIzXkAIbalB.jpg,0.9409970808954512,0.143461967818439
1296475019640557568,http://pbs.twimg.com/media/Ef4BKFBU4AEP1hP.jpg,1.0,0.1477879812009632
1296475017794945025,http://pbs.twimg.com/media/Ef4A4ktXYAEkTAy.jpg,0.9154945890795444,0.1343109868466854
1296475016624844803,http://pbs.twimg.com/media/Ef4BKA_X0AM5jBf.jpg,1.0,0.1326703978702426
1296475015286751241,http://pbs.twimg.com/media/Ef4BJyLXYAApGJK.jpg,1.0,0.1274437182582914
1296475006852112385,http://pbs.twimg.com/media/Ef4BFPbXYAYQBYf.png,1.0,0.1358797722496092
1296475006713692160,http://pbs.twimg.com/media/Ef4BH78XYAIEFAA.jpg,1.0,0.107666197232902
1296475005417660419,http://pbs.twimg.com/media/Ef4BJQ6WsAAhO0k.jpg,0.8353900291670433,0.2407496669329702
1296474998861975564,http://pbs.twimg.com/media/Ef4BJA_UwAEcU6N.png,1.0,0.2314298497512936
1296474997939216385,http://pbs.twimg.com/media/Ef4BIoEX0AEfRad.jpg,1.0,0.2258233409374952
1296474997700075520,http://pbs.twimg.com/media/Ef4BIyQXYAA7vfP.jpg,1.0,0.1838807887397706
1296474997393940480,http://pbs.twimg.com/media/Ef4BIY3XoAc1Wq0.jpg,0.7941247056397648,0.2525253179483115
1296474996437639170,http://pbs.twimg.com/media/Ef4BIk9WoAEA3Dk.jpg,1.0,0.2765638520941138
1296474995846197259,http://pbs.twimg.com/media/Ef4BIrBX0AAA6Z3.jpg,1.0,0.2414318840019405
1296474994525052928,http://pbs.twimg.com/media/Ef4BHxiX0AEJTH2.jpg,1.0,0.2465755171142518
1296474990062243841,http://pbs.twimg.com/media/Ef4BHCdWoAAYKxu.jpg,1.0,0.230186594184488
1296474989416386561,http://pbs.twimg.com/media/Ef4BINpXoAEOHv-.jpg,1.0,0.1875790082849562
1296474971112378368,http://pbs.twimg.com/media/Ef4BHK2XoAIKVsX.jpg,0.9621084792971876,0.2149020079523325
1296474968881090566,http://pbs.twimg.com/media/Ef4ANCxUMAE7QLp.png,1.0,0.180619687307626
1296474968327430145,http://pbs.twimg.com/media/Ef4BG3GU0AIRiau.jpg,1.0,0.2382237398996949
1296474965072646144,http://pbs.twimg.com/media/Ef4Ayp-XoAE8GE0.jpg,1.0,0.1745507419109344
1296474963923349507,http://pbs.twimg.com/media/Ef4BG-zVoAY-Xqf.jpg,1.0,0.2441587350331246
1296474963155849217,http://pbs.twimg.com/media/Ef4BG8WUwAEl7C3.jpg,0.5634338477727621,0.2221403098665177
1296474962585358339,http://pbs.twimg.com/media/Ef4BFLVWAAIJM1P.jpg,1.0,0.2197097917087376
1296474959972306945,http://pbs.twimg.com/media/Ef4BGn5XsAAXAcV.jpg,1.0,0.2050953200086951
1296474956780441605,http://pbs.twimg.com/media/Ef4BGeVUwAEvjaO.jpg,1.0,0.2208780590444803
1296474951936102401,http://pbs.twimg.com/media/Ef4AnWRWoAEH3pR.jpg,1.0,0.1833461788482964
1296474950157697025,http://pbs.twimg.com/media/Ef4BGGSXoAEj8r-.jpg,0.8682848507409302,0.1952201551757753
1296474948291239937,http://pbs.twimg.com/media/Ef4BFxNU4AcFXQw.jpg,0.7362389637533336,0.2099918909370899
1296474946538033152,http://pbs.twimg.com/media/Ef4BF_ZX0AI54Dx.jpg,1.0,0.2352700741030275
1296474940783427584,http://pbs.twimg.com/media/Ef4BE9QX0AAX-FH.jpg,0.4539226128527603,0.173716832883656
1296474933934071815,http://pbs.twimg.com/media/Ef4A3fnWAAAvm_j.jpg,1.0,0.1427697329781949
1296474933703442437,http://pbs.twimg.com/media/Ef4BFJJX0AEaIIz.jpg,1.0,0.1404221509583294
1296474930415108102,http://pbs.twimg.com/media/Ef3_9PuXYAAXSRU.jpg,1.0,0.1328550628386438
1296474913482645507,http://pbs.twimg.com/media/Ef4A-heWkAEty3T.jpg,1.0,0.1920533780939877
1296474907879014407,http://pbs.twimg.com/media/Ef4BDUiWkAA-2Jt.png,1.0,0.1541882548481226
1296474906738253833,http://pbs.twimg.com/media/Ef4BDSsXoAIO-Gg.jpg,0.3545188391867634,0.1871171239763498
1296474905077321730,http://pbs.twimg.com/media/Ef3_d4RXsAYArIx.jpg,1.0,0.2233571466058492
1296474896999079936,http://pbs.twimg.com/media/Ef4A3RpWkAIjxv5.jpg,0.1460055243547011,0.1941022421233356
1296474895665238017,http://pbs.twimg.com/media/Ef4BCVRXsAEkZKX.jpg,1.0,0.1793713010847568
1296474894734163969,http://pbs.twimg.com/media/Ef4AQuuVoAcP3d_.jpg,0.7012127051968623,0.1756669213064015
1296474888425877506,http://pbs.twimg.com/media/Ef4BCmGXgAAUtoG.jpg,1.0,0.1705651860684156
1296474888367157249,http://pbs.twimg.com/media/Ef4A9tiWsAAMf1Z.jpg,1.0,0.1848839758895337
1296474881358520322,http://pbs.twimg.com/media/Ef4BBMzXkAIFfFJ.jpg,0.8658600297182067,0.1521763009950518
1296474876874719232,http://pbs.twimg.com/media/Ef4BB6mXsAUogDa.jpg,1.0,0.175795781891793
1296474874374950917,http://pbs.twimg.com/media/Ef4A-AyXoAUb2_A.jpg,0.4785780526973049,0.1627481011673808
1296474869035671558,http://pbs.twimg.com/media/Ef4BBPxX0Ace8cJ.jpg,0.9693091529593753,0.1596336541697383
1296474868112908295,http://pbs.twimg.com/media/Ef4BBYNWkAENKtL.jpg,1.0,0.129388497211039
1296474867785764865,http://pbs.twimg.com/media/Ef4BBVuXkAINjqg.jpg,1.0,0.2212718138471245
1296474867374665734,http://pbs.twimg.com/media/Ef4BBXKWsAEnFPq.jpg,0.8071170015323289,0.1935949833132326
1296474867194384387,http://pbs.twimg.com/tweet_video_thumb/Ef4BATnX0AACH9O.jpg,1.0,0.1660290099680423
1296474863864107008,http://pbs.twimg.com/media/Ef4BA_BWAAMJ24B.jpg,1.0,0.1682173330336809
1296474863847329794,http://pbs.twimg.com/media/Ef4BAxhWsAAgsgf.jpg,1.0,0.1882624570280313
1296474863503396868,http://pbs.twimg.com/media/Ef3wzgKUMAATe-F.jpg,0.8321207662036773,0.1703621470369398
1296474857308327938,http://pbs.twimg.com/media/Ef4BASYU8AAEGuc.jpg,0.6726581665446147,0.1677607703022658
1296474856821862401,http://pbs.twimg.com/media/Ef4BApbX0AETU5T.jpg,0.847300319214834,0.1804761281237006
1296474854540087297,http://pbs.twimg.com/media/Ef4A_7PUYAEH5Jn.jpg,1.0,0.1886901566758752
1296474853856481281,http://pbs.twimg.com/media/Ef4BAldWsAATlcf.jpg,1.0,0.186461647041142
1296474851285381122,http://pbs.twimg.com/media/Ef4A_IGUMAAbBgu.jpg,1.0,0.1655221106484532
1296474850035412992,http://pbs.twimg.com/media/Ef4BATNUEAESJlC.jpg,1.0,0.156999094877392
1296474844989726723,http://pbs.twimg.com/media/Ef4Anp8XsAILzGT.jpg,0.9865928410283272,0.1527567580342292
1296474839998435328,http://pbs.twimg.com/media/Ef4A_wWXoAYueq8.jpg,1.0,0.1632999028079211
1296474838861852673,http://pbs.twimg.com/media/Ef4A_rvWsAA4Udd.jpg,1.0,0.1551851406693458
1296474838685691905,http://pbs.twimg.com/media/Ef4A_hOUMAAgjWl.jpg,1.0,0.1508544492535293
1296474838505336832,http://pbs.twimg.com/media/Ef4A_mWXgAIPna6.jpg,1.0,0.186125828884542
1296474835426709507,http://pbs.twimg.com/media/Ef4Ae03WkAUCnoK.jpg,1.0,0.2296510618180036
1296474833182773249,http://pbs.twimg.com/media/Ef4A_ErXYAYRwKc.jpg,0.9590658790095784,0.2062018099240958
1296474831660212227,http://pbs.twimg.com/media/Ef4A6LwXgAE5VA5.jpg,1.0,0.1827404350042343
1296474828673896448,http://pbs.twimg.com/media/Ef4AB7wXoAEZV39.jpg,0.890609450388374,0.1621480179019272
1296474825498734593,http://pbs.twimg.com/media/Ef4A6vzX0AIwIHx.jpg,1.0,0.1957727875560522
1296474825301667841,http://pbs.twimg.com/media/Ef4A-2yWsAA7NIl.jpg,0.5617932834314031,0.1665959903039038
1296474824810745856,http://pbs.twimg.com/media/EehpYLUWAAELInq.jpg,1.0,0.1877255919389426
1296474824806748161,http://pbs.twimg.com/media/Ef39b3PUwAEy6C6.jpg,0.7405114867566467,0.1488101431168615
1296474824735424515,http://pbs.twimg.com/media/Ef37DbCXoAUtEwU.jpg,1.0,0.1701700859703123
1296474824370532352,http://pbs.twimg.com/media/Ef4A8TRXkAAh1-H.jpg,1.0,0.1807540687732398
1296474824215273476,http://pbs.twimg.com/media/Ef4A-26XYAI8EB8.jpg,1.0,0.1682638209313154
1296474824164999168,http://pbs.twimg.com/media/Ef4A83RWAAAAeIZ.jpg,1.0,0.1469864821992814
1296474824135630850,http://pbs.twimg.com/media/Ef4A-KTWkAMq-qm.jpg,0.8620593790972372,0.1636687931604683
1296474822659252226,http://pbs.twimg.com/media/Ef4A-J0WAAcv3Lg.jpg,1.0,0.1766229388304054
1296474820486537217,http://pbs.twimg.com/media/Ef4A-JSXgAENjMA.jpg,1.0,0.155596200376749
1296474814794862597,http://pbs.twimg.com/media/Ef4A-OiU0AAW2bP.jpg,0.7693499172262168,0.1627172930166125
1296474809430310912,http://pbs.twimg.com/media/Ef4A9udWAAEVIZz.jpg,1.0,0.1443245722912252
1296474802400759808,http://pbs.twimg.com/media/Ef4Au6sXYAIgpyF.jpg,1.0,0.1471550776623189
1296474795039698950,http://pbs.twimg.com/media/Ef4A75gVAAI9FnJ.png,0.4647199289959153,0.1660615601576864
1296474792988737536,http://pbs.twimg.com/media/Ef4A8G4X0AAy3eU.jpg,0.8401115555887833,0.1534397760406136
1296474791420088321,http://pbs.twimg.com/media/Ef4A8b4U0AAIASj.jpg,1.0,0.190769016277045
1296474784252014592,http://pbs.twimg.com/media/Ef4AudmXgAAcQ0d.jpg,0.9578683115164576,0.1642483682371676
1296474783811547141,http://pbs.twimg.com/media/Ef4A8a9XsA0AGfF.jpg,1.0,0.1753066573292017
1296474782473629696,http://pbs.twimg.com/media/Ef4A8W3WkAI28Th.jpg,1.0,0.1489959410391748
1296474781089398784,http://pbs.twimg.com/media/Ef4A8TZX0AY1llz.jpg,0.5252782115682549,0.149140722118318
1296474780737114115,http://pbs.twimg.com/media/Ef4A703XYAckjxP.jpg,0.0664077847362634,0.1645548213273286
1296474779470495745,http://pbs.twimg.com/tweet_video_thumb/Ef4A8BzU8AAiTjU.jpg,0.7433556540082796,0.1259667361155152
1296474778644230145,http://pbs.twimg.com/media/Ef4A5m7WoAELkYF.jpg,0.8146835625993047,0.1467360942624509
1296474777150984193,http://pbs.twimg.com/media/Ef4A8DLXoAMXS7M.jpg,1.0,0.1134038711898028
1296474775213215746,http://pbs.twimg.com/media/Ef4A7_4XgAUdItP.jpg,1.0,0.1823095493018627
1296474774420545541,http://pbs.twimg.com/media/Ef4A73FXYAoje_h.jpg,1.0,0.1850103321485221
1296474774097534983,http://pbs.twimg.com/media/Ef4A7guWAAUN_nR.jpg,0.8424032378987154,0.1930783363059163
1296474771882901504,http://pbs.twimg.com/media/Ef4A4DtWkAEBCHK.jpg,1.0,0.1781719769351184
1296474769735536652,http://pbs.twimg.com/media/Ef4A7LxWsAAEKaC.jpg,0.8687463806207754,0.2545195179991424
1296474767218946048,http://pbs.twimg.com/media/Ef4A69YUYAE562t.jpg,1.0,0.1720213200896978
1296474765092425728,http://pbs.twimg.com/media/Ef4A7NPUMAEgUm9.jpg,1.0,0.2192189539782703
1296474763737669635,http://pbs.twimg.com/media/Ef4A7VKX0AEJpxd.jpg,1.0,0.1906166202388703
1296474762986881024,http://pbs.twimg.com/media/Ef4Ap_6X0AMkXqn.jpg,1.0,0.1667118864133954
1296474760289943554,http://pbs.twimg.com/media/Ef4A7JfXYAopkxp.jpg,0.7933546007303184,0.1764570297673344
1296474758838714369,http://pbs.twimg.com/media/Ef4A62ZVoAAR-4e.jpg,1.0,0.183470029849559
1296474754967314432,http://pbs.twimg.com/media/Ef4AyM1XkAEiRsG.jpg,1.0,0.1498834420926869
1296474754472443904,http://pbs.twimg.com/media/Ef4A4nNWoAItsqK.jpg,0.568655830088573,0.149671696126461
1296474753918808064,http://pbs.twimg.com/media/Ef4ATugWoAIJ2ei.jpg,0.8800051763920761,0.144262365065515
1296474753901957121,http://pbs.twimg.com/media/Ef4A5OFX0AEK2qX.jpg,1.0,0.1502646249718964
1296474752496934913,http://pbs.twimg.com/media/Ef4A2Y6XoAMTc4x.jpg,0.2835318302759206,0.1487323679029941
1296474747170103296,http://pbs.twimg.com/media/Ef4A6O2XkAAqye_.jpg,0.8537420054206372,0.1468095309101045
1296474743953072135,http://pbs.twimg.com/media/Ef4A6E6XkAIP8ui.jpg,1.0,0.1634535212069749
1296474742585724928,http://pbs.twimg.com/media/Ef4AkncXsAEoDaU.jpg,1.0,0.1621281006373465
1296474741868507136,http://pbs.twimg.com/media/Ef4A6FPXsAEju8Q.jpg,1.0,0.1466983030550182
1296474737980461059,http://pbs.twimg.com/media/Ef3_okcXoAIbt58.jpg,1.0,0.1533178673125803
1296474737196113920,http://pbs.twimg.com/media/Ef34FvkUEAEAk2Y.jpg,1.0,0.1790185808204114
1296474736655048707,http://pbs.twimg.com/media/Ef4A5tmXsAkSA8X.jpg,0.0995487660146721,0.1555601125583052
1296474735245774855,http://pbs.twimg.com/media/Ef4A5UrXkAI-2hl.jpg,1.0,0.1570439678616821
1296474732183851009,http://pbs.twimg.com/media/Ef4A5dOXoAAjSB-.jpg,1.0,0.127735273912549
1296474731714052101,http://pbs.twimg.com/media/Ef4A5djXsAAGbeD.jpg,1.0,0.1416952018626034
1296474723812024320,http://pbs.twimg.com/media/Ef4A4gDXkAEaylE.jpg,1.0,0.127626780886203
1296474716362936322,http://pbs.twimg.com/media/Ef4A4jxUwAIvWHy.jpg,0.5407211447668558,0.125931057613343
1296474714391621632,http://pbs.twimg.com/media/Ef4A4cAVAAcvKkq.jpg,1.0,0.1242812522687017
1296474714018373637,http://pbs.twimg.com/tweet_video_thumb/Ef4A4Q3UEAA2XV4.jpg,1.0,0.1140060378238558
1296474713783439360,http://pbs.twimg.com/media/Ef4A4bWUcAAtCAE.jpg,1.0,0.1721687358804047
1296474713091461121,http://pbs.twimg.com/media/Ef4A4YmUYAE1zyx.jpg,0.6488722393787171,0.1691860551945865
1296474712747454467,http://pbs.twimg.com/media/Ef4A4W4VAAADCMG.jpg,1.0,0.1851921621710062
1296474712571338755,http://pbs.twimg.com/media/Ef4A4WrVAAAOw7l.jpg,1.0,0.18009735038504
1296474712491646976,http://pbs.twimg.com/media/Ef4A4WyU4AAfr9_.jpg,1.0,0.1869557411409914
1296474712420290563,http://pbs.twimg.com/media/Ef4A4V2UEAEbjBG.jpg,0.9935185111249974,0.176013640128076
1296474706477023235,http://pbs.twimg.com/media/Ef4A3i9WsAIcDnE.jpg,1.0,0.1987276249565184
1296474706221174784,http://pbs.twimg.com/media/Ef4AiTHXYAEFw2S.jpg,1.0,0.1697414638474583
1296474704472150017,http://pbs.twimg.com/media/Ef4AqoNWkAAaHXR.jpg,1.0,0.1582409483380615
1296474703989821441,http://pbs.twimg.com/media/Ef4A3j0XYAI16QW.jpg,0.8932714234930179,0.1308039049617946
1296474703452938242,http://pbs.twimg.com/media/Ef4AyvMWkAAxPvg.jpg,0.6049934733810773,0.1761836479417979
1296474703314530305,http://pbs.twimg.com/media/Ef4AvrmXYAEKzmL.jpg,1.0,0.1474947426468134
1296474701083049986,http://pbs.twimg.com/media/Ef4AxLQX0AAS081.jpg,1.0,0.1867539240047335
1296474699497603078,http://pbs.twimg.com/media/Ef4A3msWoAEbx4J.jpg,1.0,0.17753860168159
1296474694649085954,http://pbs.twimg.com/media/Ef4A2fNXYAImByb.jpg,1.0,0.1687135612592101
1296474693298511873,http://pbs.twimg.com/media/Ef4A3PWXoAY4cbC.jpg,1.0,0.1649820711463689
1296474690106646529,http://pbs.twimg.com/media/Ef4A2RHXYAENIPa.jpg,1.0,0.1516407900489866
1296474687661367303,http://pbs.twimg.com/media/Ef4A24rUwAAoYEr.jpg,0.1614825363314219,0.1281314347870648
1296474687405469696,http://pbs.twimg.com/media/Ef4A2zDXsAApknA.jpg,0.5674126495368457,0.1714987829327583
1296474686272999424,http://pbs.twimg.com/media/Ef4A2wfWsAIDIcX.png,1.0,0.1555018927901983
1296474686268866561,http://pbs.twimg.com/media/Ef4A2djXoAA63ay.jpg,1.0,0.1471864860504865
1296474679016935424,http://pbs.twimg.com/media/Ef33PIJWoAIdhyx.jpg,1.0,0.1518450318835675
1296474667985899522,http://pbs.twimg.com/media/Ef4A1hOWAAArR0B.jpg,1.0,0.1570549490861594
1296474662935957509,http://pbs.twimg.com/media/Ef4AfcvUEAAmlSJ.jpg,1.0,0.1492111729457974
1296474659307782145,http://pbs.twimg.com/media/Ef4A1QEWsAM0Obm.jpg,0.9242231669876976,0.1188543289899826
1296474658452189188,http://pbs.twimg.com/tweet_video_thumb/Ef4A00dWAAseY1Y.jpg,0.8471920640135432,0.1241238368675112
1296474657202331654,http://pbs.twimg.com/media/Ef4A1FqX0AAgM6w.jpg,1.0,0.100465914234519
1296474653326745602,http://pbs.twimg.com/media/Ef4At8AWkAI2JF-.jpg,1.0,0.0885629951953888
1296474648004173829,http://pbs.twimg.com/media/Ef4A0PHXoAMVhYS.jpg,0.960506425297694,0.1762714418582618
1296474644489416707,http://pbs.twimg.com/media/Ef4Az1AUYAQwJIN.jpg,0.8141493418735661,0.1990314940921962
1296474644195807234,http://pbs.twimg.com/media/Ef4A0HdVAAA2xot.jpg,0.8511231782091385,0.2089555719867348
1296474642824286213,http://pbs.twimg.com/media/Ef4A0SzXoAI7Zcq.jpg,1.0,0.1777418833225965
1296474640253157378,http://pbs.twimg.com/media/Ef4AxhCXkAY5-j1.png,0.9398195235671896,0.186024138238281
1296474638856445954,http://pbs.twimg.com/media/Ef4A0CGXoAAzPsb.png,0.9303493287588688,0.1820140359923243
1296474638332067844,http://pbs.twimg.com/media/Ef4A0C8X0AI9Ia8.jpg,1.0,0.1895190472714603
1296474638013399040,http://pbs.twimg.com/media/Ef4Az62XkAEERPK.jpg,1.0,0.2033844478428363
1296474637904359426,http://pbs.twimg.com/media/Ef4A0BHXYAQpJah.jpg,0.7876935458889219,0.1517855911515653
1296474635899482112,http://pbs.twimg.com/media/Ef4Az6LXoAAXMMt.jpg,1.0,0.1466694981791079
1296474634993491970,http://pbs.twimg.com/media/Ef4Az2vWoAApx8Y.jpg,0.8653134550598008,0.1427897899411618
1296474634771206151,http://pbs.twimg.com/media/Ef4Az1uWoAEUwsi.jpg,1.0,0.159155678935349
1296474633378701313,http://pbs.twimg.com/media/Ef4Ax0HWAAEPZ8s.jpg,0.6527379992444845,0.166672543156892
1296474631822626816,http://pbs.twimg.com/media/Ef4AzqgX0AE5Adg.jpg,0.7670616248498546,0.1662463657557964
1296474626864947201,http://pbs.twimg.com/media/Ef4AzXPXgAIEWmn.jpg,0.5228275191716405,0.1663158051669597
1296474624964923392,http://pbs.twimg.com/media/Ef4AcfCXkAAR2aP.jpg,1.0,0.1544562373310327
1296474623425601538,http://pbs.twimg.com/media/Ef4AyprXkAET98k.jpg,0.9529263951077682,0.1587809082120657
1296474621995352064,http://pbs.twimg.com/media/Ef4AvuDWsAERCnW.jpg,1.0,0.1358965132385492
1296474618237276160,http://pbs.twimg.com/media/Ef4AytFXkAUS7So.jpg,1.0,0.1586292036809027
1296474614210625540,http://pbs.twimg.com/media/Ef4AykIXsAEiO_A.jpg,0.8943091545707,0.1509603061713278
1296474611392143362,http://pbs.twimg.com/media/Ef4AvmYUYAAYJQa.jpg,1.0,0.1494490690529346
1296474609559232513,http://pbs.twimg.com/media/Ef4AH90XkAAdXiA.png,0.2858405537086855,0.1377612520009279
1296474607743049729,http://pbs.twimg.com/media/Ef4AyDeWsAAeCOy.jpg,0.8094742559616964,0.1386180040426552
1296474607692713993,http://pbs.twimg.com/media/Ef4AyQ6WoAQaOL7.jpg,0.5770592632918689,0.1479495828971266
1296474606774231041,http://pbs.twimg.com/media/Ef4AyL5XkAEGKsl.png,1.0,0.1260376777499914
1296474602865135616,http://pbs.twimg.com/media/Ef4Ax3YWkAMOu6n.jpg,0.866747075391137,0.1228177938610315
1296474600998567937,http://pbs.twimg.com/media/Ef4Ax5wXsAAAdON.jpg,0.8312884545710201,0.1171131101436913
1296474600444956673,http://pbs.twimg.com/media/Ef4AxvFXoAUX8Yi.jpg,0.3004197770084463,0.1084855985827744
1296474600264675329,http://pbs.twimg.com/media/Ef4AxwfUwAU9s2e.jpg,0.7290301072391018,0.1700844359584152
1296474593956368390,http://pbs.twimg.com/media/Ef4AxSmXkAIsH5g.jpg,1.0,0.2143594408407807
1296474593868349441,http://pbs.twimg.com/media/Ef4AxR1XkAIcrRB.png,0.7563735083319352,0.1760468808934092
1296474593809575936,http://pbs.twimg.com/media/Ef4AxeGWkAA2HOg.jpg,1.0,0.182397382799536
1296474593075572739,http://pbs.twimg.com/media/Ef4AxX0WoAc_atx.jpg,1.0,0.2019555540755391
1296474591678930944,http://pbs.twimg.com/media/Ef4AeulX0AM2g8J.png,1.0,0.1933200978673994
1296474591171411969,http://pbs.twimg.com/media/Ef4AxO8XgAABBWr.jpg,0.939021319354624,0.2562296981923282
1296474590546460673,http://pbs.twimg.com/media/Ef4Aw2WWsAYLD_-.jpg,1.0,0.1914676129817962
1296474589283979264,http://pbs.twimg.com/media/Ef4AxLmVoAAg5ps.jpg,1.0,0.1303900713101029
1296474589275598848,http://pbs.twimg.com/media/Ef4AxLrUwAAMfAi.jpg,0.8515868487808603,0.1401184420101344
1296474588663164928,http://pbs.twimg.com/media/Ef4AxK8WkAEiSz3.png,0.8185101791573298,0.1649871291592717
1296474584779296770,http://pbs.twimg.com/media/Ef4Aw7JX0AEO7AG.jpg,1.0,0.1388207441195845
1296474582782824453,http://pbs.twimg.com/media/Ef4AwznXoAEkEjI.jpg,0.4025511675577387,0.1577457720413804
1296474582661169152,http://pbs.twimg.com/media/Ef4AwaDXgAEg03N.png,0.9711506743265332,0.1680530849844217
1296474582023639041,http://pbs.twimg.com/media/Ef4Awm4WsAUSbqC.jpg,0.8364274623080973,0.1726819262839853
1296474581377703936,http://pbs.twimg.com/media/Ef4AwvAXsAQ9niI.jpg,1.0,0.1482542539015412
1296474578458423296,http://pbs.twimg.com/media/Ef4Awh7WsAI4pE2.png,1.0,0.1531509039923548
1296474578416476162,http://pbs.twimg.com/media/Ef3_NMLXkAAgAAI.jpg,1.0,0.1465771957300603
1296474573404172288,http://pbs.twimg.com/media/Ef27T6PXsAEVFf5.jpg,1.0,0.1727097281254828
1296474573299429385,http://pbs.twimg.com/media/Ef4Av6CWoAAZqO5.jpg,1.0,0.1556790852919221
1296474573299425281,http://pbs.twimg.com/media/Ef4AwRUWkAAyTp4.jpg,1.0,0.1468538730405271
1296474573257416704,http://pbs.twimg.com/media/Ef0FTEVXkAI2g3i.jpg,0.4755543145315066,0.1445141662843525
1296474573207216128,http://pbs.twimg.com/media/Ef0K0KBXYAAnoGm.jpg,0.5155713677351401,0.1506036091595888
1296474573190438912,http://pbs.twimg.com/media/Ef30X89WAAYQHSn.jpg,1.0,0.1495626610703766
1296474573123104769,http://pbs.twimg.com/media/Ef3wG0VXgAE3L9N.jpg,0.91446887070291,0.1393673871643841
1296474573039448071,http://pbs.twimg.com/media/Ef4AvzJXgAAItsY.jpg,1.0,0.1660255920141935
1296474567372869633,http://pbs.twimg.com/media/Ef4AvsqWsAAEllK.jpg,0.9364109915716716,0.1373671139590442
1296474561098256390,http://pbs.twimg.com/media/Ef4AtOHWsAMz7IB.jpg,1.0,0.1511424668133258
1296474559118548992,http://pbs.twimg.com/media/Ef4AsmvUEAAH838.jpg,0.6456150214930988,0.1427065241150558
1296474558124503042,http://pbs.twimg.com/media/Ef4AqlpXoAAOdeQ.jpg,0.7532667482864257,0.1476038061082363
1296474556610359298,http://pbs.twimg.com/media/Ef4Auo7X0AAF6-i.jpg,0.900210715382584,0.1203106925822794
1296474555263967233,http://pbs.twimg.com/media/Ef4AvMQWoAElVSH.jpg,0.87886773217299,0.176163449883461
1296474553024217089,http://pbs.twimg.com/media/Ef4AqD_VAAApRy6.jpg,0.8266105555457804,0.186945310793817
1296474548276269056,http://pbs.twimg.com/media/Ef4AdKkWkAA4_m6.png,0.599538659211327,0.193164377938956
1296474545742897156,http://pbs.twimg.com/media/Ef4AdXeWoAYzlci.jpg,0.870765796908503,0.1984734199941158
1296474542169378816,http://pbs.twimg.com/media/Ef4APuzU4AANRGN.jpg,0.8241838960462594,0.2047394826076924
1296474529074753537,http://pbs.twimg.com/media/Ef4AtUaX0AE50xV.jpg,1.0,0.203077423851937
1296474525647986692,http://pbs.twimg.com/media/Ef4AliRWoAYl3O_.jpg,0.8850585252150794,0.1306496458128094
1296474517309661187,http://pbs.twimg.com/media/Ef4As1DWkAMqQH1.jpg,1.0,0.2051135241053998
1296474516747673611,http://pbs.twimg.com/media/Ef4As5XXsAIOd-t.jpg,0.707562387081535,0.1650879578664899
1296474511848726530,http://pbs.twimg.com/media/Ef4Ar-WXsAUc-4P.jpg,0.9686391681556769,0.1390067217871546
1296474509558587393,http://pbs.twimg.com/media/Ef4AsclWAAovzgs.jpg,1.0,0.1873006061650812
1296474509273452545,http://pbs.twimg.com/media/Ef4AsUfWoAceoC6.jpg,1.0,0.1794513300992548
1296474508002578433,http://pbs.twimg.com/media/Ef4AreEXYAMGrNI.jpg,1.0,0.1314461259171366
1296474496539426822,http://pbs.twimg.com/media/Ef4ArLxWsAA7r0A.jpg,0.9161686078993124,0.1862786142155528
1296474495318994944,http://pbs.twimg.com/media/Ef4Arl2XkAIVCt7.jpg,1.0,0.1762460931204259
1296474493116977153,http://pbs.twimg.com/tweet_video_thumb/Ef4ArAiWkAIbLTv.jpg,1.0,0.1701083811931312
1296474492433309701,http://pbs.twimg.com/media/Ef4Aq3dXgAMD4-n.jpg,0.8498878132088638,0.1327924751676619
1296474492378779650,http://pbs.twimg.com/media/Ef4AlnWUYAAV5Fc.jpg,1.0,0.1250841226428747
1296474489010769921,http://pbs.twimg.com/media/Ef4ArW4XoAEe8A3.jpg,1.0,0.112422474194318
1296474485688852480,http://pbs.twimg.com/media/Ef4ArKdXkAIbZCV.jpg,1.0,0.0873091588728129
