id,media_url,TwoPersons,TwoPersons_execution_time
1296476570702487554,http://pbs.twimg.com/media/Ef4ChezX0AAtO9P.png,0.87109375,0.0419989026812536
1296476565535182848,http://pbs.twimg.com/media/Ef4CkMJX0AA1Hhs.jpg,0.0,0.0419989026812536
1296476565249949696,http://pbs.twimg.com/media/Ef4CkBBXoAMne8W.jpg,0.642578125,0.0419989026812536
1296476564998295554,http://pbs.twimg.com/media/Ef4CkNQXgAAPJUL.jpg,0.85498046875,0.0419989026812536
1296476560074182656,http://pbs.twimg.com/media/Ef4Ci_zUMAQOFk2.jpg,0.85302734375,0.0419989026812536
1296476559663128576,http://pbs.twimg.com/media/Ef4CjlDXsAIxA8z.jpg,0.0,0.0419989026812536
1296476558631342085,http://pbs.twimg.com/media/Ef4CirYXsAAlYgu.jpg,0.95263671875,0.0419989026812536
1296476558287306752,http://pbs.twimg.com/media/Ef4CjtrXsAIopAp.jpg,0.54150390625,0.0419989026812536
1296476558157402119,http://pbs.twimg.com/media/Ef4CcN3UwAE28KQ.jpg,0.0,0.0419989026812536
1296476555582025730,http://pbs.twimg.com/media/Ef3-SoKXoAYsoA5.jpg,0.369873046875,0.0419989026812536
1296476554315403268,http://pbs.twimg.com/media/Ef4CiPRXoAIVfNQ.jpg,0.95556640625,0.0419989026812536
1296476548942508032,http://pbs.twimg.com/media/Ef4CjJ_WoAAfT_M.jpg,0.0,0.0419989026812536
1296476548271308803,http://pbs.twimg.com/media/Ef4CjLWXkAE_fp6.jpg,0.0,0.0419989026812536
1296476543955410950,http://pbs.twimg.com/media/Ef4CgT_XkAQcOVh.jpg,0.0,0.0419989026812536
1296476542944632833,http://pbs.twimg.com/media/Ef4Ci5KWoAAAWGN.jpg,0.8427734375,0.0419989026812536
1296476542395129856,http://pbs.twimg.com/media/Ef4BU6oWAAAN6AS.jpg,0.0,0.0419989026812536
1296476542235824128,http://pbs.twimg.com/media/Ef32Y5uWoAYfHCV.jpg,0.0,0.0419989026812536
1296476538020519939,http://pbs.twimg.com/media/Ef4BqyfWAAECILD.jpg,0.92041015625,0.0419989026812536
1296476533067001859,http://pbs.twimg.com/media/Ef4Ch-sXsAU1bDv.jpg,0.0,0.0419989026812536
1296476531750064139,http://pbs.twimg.com/media/Ef4CiHtXgAAsC0E.jpg,0.0,0.0419989026812536
1296476527270547456,http://pbs.twimg.com/tweet_video_thumb/Ef4ChgBWsAgcwvw.jpg,0.8642578125,0.0419989026812536
1296476526385528834,http://pbs.twimg.com/media/Ef4Ch1pUEAURKzp.jpg,0.93212890625,0.0419989026812536
1296476520265986048,http://pbs.twimg.com/media/Ef4ChkbWsAE-p_9.jpg,0.0,0.0419989026812536
1296476515824173058,http://pbs.twimg.com/media/Ef4ChQBXgAIUh8b.jpg,0.7451171875,0.0419989026812536
1296476514058371074,http://pbs.twimg.com/media/Ef4CgZ_UwAEU6u4.jpg,0.92529296875,0.0419989026812536
1296476507032911874,http://pbs.twimg.com/media/Ef4Cf4xX0AI7Jts.jpg,0.89453125,0.0419989026812536
1296476506420662274,http://pbs.twimg.com/media/Ef3umgWWsAAIpB3.jpg,0.26904296875,0.0419989026812536
1296476506131136512,http://pbs.twimg.com/media/Ef4CQzxVAAAIODE.jpg,0.94189453125,0.0419989026812536
1296476505200111616,http://pbs.twimg.com/media/Ef4CgW0WAAAddlh.jpg,0.84912109375,0.0419989026812536
1296476502276612098,http://pbs.twimg.com/media/Ef4CgdqU4AEWKzd.jpg,0.958984375,0.0419989026812536
1296476498745069570,http://pbs.twimg.com/media/Ef4BhioUwAUpdWs.jpg,0.896484375,0.0419989026812536
1296476496098459648,http://pbs.twimg.com/media/Ef4CfiNWAAE_WwI.jpg,0.859375,0.0158018056897382
1296476492940148736,http://pbs.twimg.com/media/Ef4CfgBXoAAYgh8.jpg,0.75,0.0158018056897382
1296476492021596160,http://pbs.twimg.com/media/Ef4CfvvXsAEMOSB.jpg,0.8935546875,0.0158018056897382
1296476489555283969,http://pbs.twimg.com/media/Ef4CbZUXYAYbNJm.jpg,0.8701171875,0.0158018056897382
1296476488276074500,http://pbs.twimg.com/media/Ef4CfsZXsAAVxJc.jpg,0.26904296875,0.0158018056897382
1296476488011862016,http://pbs.twimg.com/media/Ef2KGpGUwAI7seu.jpg,0.0,0.0158018056897382
1296476486044704768,http://pbs.twimg.com/media/Ef4Cb9TXkAEVO2p.jpg,0.0,0.0158018056897382
1296476484320866304,http://pbs.twimg.com/media/Ef4CZG3WAAMpy7P.jpg,0.0,0.0158018056897382
1296476482357866497,http://pbs.twimg.com/media/Ef4CTVIWoAEqoGx.jpg,0.0,0.0158018056897382
1296476475336658946,http://pbs.twimg.com/media/Ef4Ce8rWoAQsXAY.jpg,0.322021484375,0.0158018056897382
1296476465052241922,http://pbs.twimg.com/tweet_video_thumb/Ef4Cd6_WkAsUeHb.jpg,0.72314453125,0.0158018056897382
1296476463743590401,http://pbs.twimg.com/media/Ef4CeR9XoAgFwR3.jpg,0.9169921875,0.0158018056897382
1296476463374438401,http://pbs.twimg.com/tweet_video_thumb/Ef4CdqTXYAA2WiM.jpg,0.0,0.0158018056897382
1296476462661410823,http://pbs.twimg.com/media/Ef4Cc2zWoAMcPsf.jpg,0.8427734375,0.0158018056897382
1296476460887220225,http://pbs.twimg.com/media/Ef4CeGvWoAAW1wx.jpg,0.70068359375,0.0158018056897382
1296476460413313024,http://pbs.twimg.com/media/Ef4CY4sXkAEFon-.jpg,0.89697265625,0.0158018056897382
1296476458832068609,http://pbs.twimg.com/media/Ef4CWNlU0AATnFS.jpg,0.64453125,0.0158018056897382
1296476455669563396,http://pbs.twimg.com/media/Ef4CdxbXsAIuVqr.png,0.44384765625,0.0158018056897382
1296476454268567553,http://pbs.twimg.com/media/Ef4CdwhX0AAshvs.jpg,0.89794921875,0.0158018056897382
1296476451559084037,http://pbs.twimg.com/media/Ef4CdkPWoAIop4-.jpg,0.7509765625,0.0158018056897382
1296476449306824705,http://pbs.twimg.com/media/Ef4CcD5XoAYSUoB.jpg,0.5478515625,0.0158018056897382
1296476444168724481,http://pbs.twimg.com/tweet_video_thumb/Ef4Cc8RUcAAymzx.jpg,0.8232421875,0.0158018056897382
1296476442574893056,http://pbs.twimg.com/media/Ef4CV9AXsAEdGaH.jpg,0.94970703125,0.0158018056897382
1296476440658161664,http://pbs.twimg.com/media/Ef4CctqWsAUh2zi.jpg,0.77978515625,0.0158018056897382
1296476439991275520,http://pbs.twimg.com/media/Ef4CcmjWAAUqEyE.jpg,0.0,0.0158018056897382
1296476432776990723,http://pbs.twimg.com/tweet_video_thumb/Ef4CcGMXsAA0-be.jpg,0.84912109375,0.0158018056897382
1296476429081878533,http://pbs.twimg.com/media/Ef4CJsYXoAEaVW1.png,0.93359375,0.0158018056897382
1296476428515647493,http://pbs.twimg.com/media/Ef4CcQfXgAA_waZ.jpg,0.89111328125,0.0158018056897382
1296476424132603907,http://pbs.twimg.com/media/Ef4Cbn9XoAUpmWW.jpg,0.0,0.0158018056897382
1296476409263775746,http://pbs.twimg.com/media/Ef4CUUQXsAALzRa.jpg,0.92333984375,0.0095442308453269
1296476407795769346,http://pbs.twimg.com/media/Ef4Ca_nWkAAlmC4.jpg,0.6279296875,0.0095442308453269
1296476405329469444,http://pbs.twimg.com/media/Ef4Bi_7WkAcf1W3.jpg,0.8720703125,0.0095442308453269
1296476404897533953,http://pbs.twimg.com/media/Ef4BOhQXoAEa5I2.jpg,0.0,0.0095442308453269
1296476398643748864,http://pbs.twimg.com/media/Ef4CaSiWoAYoE8G.jpg,0.0,0.0095442308453269
1296476396638920711,http://pbs.twimg.com/tweet_video_thumb/Ef4CaGmWkAIEOC-.jpg,0.8701171875,0.0095442308453269
1296476392415268864,http://pbs.twimg.com/media/Ef4CZtmUwAEBBfk.jpg,0.0,0.0095442308453269
1296476387893747713,http://pbs.twimg.com/media/Ef4CZ0mXYAMNRvQ.jpg,0.0,0.0095442308453269
1296476387000426499,http://pbs.twimg.com/tweet_video_thumb/Ef4CZmsXYAErUVr.jpg,0.0,0.0095442308453269
1296476384706146309,http://pbs.twimg.com/media/Ef4CZtgXoAAKs-m.png,0.0,0.0095442308453269
1296476382864842752,http://pbs.twimg.com/media/Ef4CZjIXoAAp7KJ.jpg,0.0,0.0095442308453269
1296476375612825603,http://pbs.twimg.com/media/Ef4BoKhXoAgYFTE.png,0.0,0.0095442308453269
1296476371053694979,http://pbs.twimg.com/media/Ef4CUmbVoAALCyh.jpg,0.0,0.0095442308453269
1296476368604192769,http://pbs.twimg.com/media/Ef4CYwwXgAE4KMH.png,0.0,0.0095442308453269
1296476368075722752,http://pbs.twimg.com/media/Ef4CX79XsAI8zyP.png,0.0,0.0095442308453269
1296476367924715522,http://pbs.twimg.com/media/Ef4CYs8XsAEBZyi.jpg,0.91748046875,0.0095442308453269
1296476366230224903,http://pbs.twimg.com/media/Ef4CYnUXoAMSz38.jpg,0.89794921875,0.0095442308453269
1296476366012133382,http://pbs.twimg.com/media/Ef4CYGQWkAExkR5.jpg,0.0,0.0095442308453269
1296476363881435136,http://pbs.twimg.com/media/Ef4CYXcXgAEYc2V.jpg,0.0,0.0095442308453269
1296476352464420870,http://pbs.twimg.com/media/Ef4CXv-U4AApyJJ.jpg,0.8525390625,0.0095442308453269
1296476351264849922,http://pbs.twimg.com/media/Ef4CXPzXgAAm0ks.jpg,0.0,0.0095442308453269
1296476349436243969,http://pbs.twimg.com/media/Ef4BhMUXsAA8bGa.jpg,0.80029296875,0.0095442308453269
1296476349419458560,http://pbs.twimg.com/media/Ef4CXWDXgAEcp17.jpg,0.0,0.0095442308453269
1296476347586445312,http://pbs.twimg.com/media/Ef4CXOPWkAEGPWJ.jpg,0.9306640625,0.0095442308453269
1296476343786504193,http://pbs.twimg.com/media/Ef4CXOgX0AE9Qwp.jpg,0.83447265625,0.0095442308453269
1296476336052228097,http://pbs.twimg.com/media/Ef4CSjSU4AA1VJs.jpg,0.94384765625,0.0095442308453269
1296476335758544897,http://pbs.twimg.com/media/Ef4CWyAXgAIBm-w.jpg,0.0,0.0172070672519371
1296476334852456448,http://pbs.twimg.com/media/Ef39yFAWoAIF65f.png,0.0,0.0172070672519371
1296476330960343045,http://pbs.twimg.com/media/Ef4B4p4WsAIyo47.jpg,0.92724609375,0.0172070672519371
1296476320835276801,http://pbs.twimg.com/tweet_video_thumb/Ef4CVsdWkAASvg7.jpg,0.9208984375,0.0172070672519371
1296476311607803906,http://pbs.twimg.com/media/Ef4CUAOWAAYBv-r.jpg,0.0,0.0172070672519371
1296476311335174145,http://pbs.twimg.com/media/Ef4CVBJUEAAdMso.jpg,0.4951171875,0.0172070672519371
1296476303659606016,http://pbs.twimg.com/media/Ef4CTxrXgAM2eGb.jpg,0.45703125,0.0172070672519371
1296476303319867396,http://pbs.twimg.com/media/Ef4CU6NXgAMvkHf.png,0.5263671875,0.0172070672519371
1296476301952536577,http://pbs.twimg.com/media/Ef4CPIiXkAAaM6b.jpg,0.0,0.0172070672519371
1296476301126238211,http://pbs.twimg.com/media/Ef4CNt5UcAAm67A.jpg,0.9296875,0.0172070672519371
1296476297472937986,http://pbs.twimg.com/media/Ef4AhV2WoAc2vl5.jpg,0.0,0.0172070672519371
1296476295422005249,http://pbs.twimg.com/media/Ef4CBYBXkAELuAo.jpg,0.0,0.0172070672519371
1296476295157735424,http://pbs.twimg.com/media/Ef4BypxXgAMtaN1.jpg,0.77685546875,0.0172070672519371
1296476295031922690,http://pbs.twimg.com/media/Ef4CJKGUwAEtc3h.jpg,0.0,0.0172070672519371
1296476292087459842,http://pbs.twimg.com/media/Ef4CUMEWAAErKOh.jpg,0.81298828125,0.0172070672519371
1296476287951929344,http://pbs.twimg.com/media/Ef4CT0RWAAQgZ9N.jpg,0.0,0.0172070672519371
1296476286391586822,http://pbs.twimg.com/media/Ef4CTrdXgA8Bg8L.jpg,0.0,0.0172070672519371
1296476285473042437,http://pbs.twimg.com/media/Ef4CT51XgAIDBCk.png,0.970703125,0.0172070672519371
1296476276912521220,http://pbs.twimg.com/media/Ef4CSN6XkAA7_-s.jpg,0.9462890625,0.0172070672519371
1296476271673839621,http://pbs.twimg.com/media/Ef4BHJHXoAI-v3D.png,0.9462890625,0.0172070672519371
1296476270830772231,http://pbs.twimg.com/media/Ef4CShjUEAEqqNV.jpg,0.92919921875,0.0172070672519371
1296476263763390464,http://pbs.twimg.com/media/Ef4CRnyWoAIqBhV.jpg,0.0,0.0172070672519371
1296476253227225089,http://pbs.twimg.com/media/Ef4CQgAWoAIUj0S.jpg,0.9267578125,0.0172070672519371
1296476251058851842,http://pbs.twimg.com/media/Ef4CRonX0AIgcwO.jpg,0.724609375,0.0172070672519371
1296476247845986312,http://pbs.twimg.com/media/Ef4CRoUWsAEgbQ-.jpg,0.0,0.0172070672519371
1296476244171804680,http://pbs.twimg.com/media/Ef4CRWmXkAA-i8k.jpg,0.0,0.0172070672519371
1296476243265806337,http://pbs.twimg.com/media/Ef4COBAWsAAZOS6.jpg,0.0,0.0172070672519371
1296476241445433345,http://pbs.twimg.com/media/Ef4CRUSXoAIUGYG.jpg,0.0,0.0172070672519371
1296476232499048448,http://pbs.twimg.com/media/Ef4CQuFWoAEu50A.jpg,0.0,0.0090592624137884
1296476230800347139,http://pbs.twimg.com/media/Ef4CQunU8AAvbuf.jpg,0.9296875,0.0090592624137884
1296476230280241152,http://pbs.twimg.com/media/Ef4CQjdX0AI4t35.jpg,0.0,0.0090592624137884
1296476228434657281,http://pbs.twimg.com/media/Ef4CPzjWsAA8gao.jpg,0.0,0.0090592624137884
1296476226450751498,http://pbs.twimg.com/media/Ef4CQeAUwAs35Cm.jpg,0.95068359375,0.0090592624137884
1296476224315940866,http://pbs.twimg.com/media/Ef4CQYzXYAM45wc.jpg,0.0,0.0090592624137884
1296476222961201162,http://pbs.twimg.com/media/Ef4CQOmUwAA_SVq.jpg,0.0,0.0090592624137884
1296476222931841030,http://pbs.twimg.com/media/Ef4CQRIVAAAY24x.jpg,0.91064453125,0.0090592624137884
1296476222864728066,http://pbs.twimg.com/media/Ef4CQPYVoAEcd0c.jpg,0.0,0.0090592624137884
1296476221971341314,http://pbs.twimg.com/media/Ef4CQN3UwAUuvqf.jpg,0.8173828125,0.0090592624137884
1296476221015052289,http://pbs.twimg.com/media/Ef4CQKQU8AARkNz.jpg,0.87646484375,0.0090592624137884
1296476220796870656,http://pbs.twimg.com/media/Ef4COxfXYAQZp60.png,0.0,0.0090592624137884
1296476218188062723,http://pbs.twimg.com/media/Ef4COxQXoAETYKS.jpg,0.0,0.0090592624137884
1296476214769659905,http://pbs.twimg.com/media/Ef4CMTcWkAIEOqd.jpg,0.92431640625,0.0090592624137884
1296476208352436225,http://pbs.twimg.com/media/Ef4CPdJXkAE4qGH.jpg,0.8369140625,0.0090592624137884
1296476206066540544,http://pbs.twimg.com/media/Ef4CARiXYAAQIml.jpg,0.0,0.0090592624137884
1296476205689036802,http://pbs.twimg.com/media/Ef4CPMlVoAEeaBy.jpg,0.0,0.0090592624137884
1296476200165048323,http://pbs.twimg.com/media/Ef4AV0gXoAEDlnx.jpg,0.0,0.0090592624137884
1296476199221374977,http://pbs.twimg.com/media/Ef4COzjUEAAPiEf.jpg,0.0,0.0090592624137884
1296476198063808513,http://pbs.twimg.com/media/Ef4COxsXYAAHFaK.png,0.38037109375,0.0090592624137884
1296476180913238019,http://pbs.twimg.com/media/Ef4CExHUMAEkAln.jpg,0.0,0.0090592624137884
1296476172667236357,http://pbs.twimg.com/media/Ef4CM_FXsAUNIwf.jpg,0.81591796875,0.0090592624137884
1296476171496980482,http://pbs.twimg.com/media/Ef4CJsAXkAAe8k5.jpg,0.90625,0.0090592624137884
1296476170058440706,http://pbs.twimg.com/tweet_video_thumb/Ef4CMfVUMAESPxd.jpg,0.8310546875,0.0090592624137884
1296476168942739457,http://pbs.twimg.com/media/Ef4CMYDXsAUPfFC.jpg,0.7744140625,0.0090592624137884
1296476168359682048,http://pbs.twimg.com/media/Ef4CEpBWoAcUKSu.jpg,0.94873046875,0.0090592624137884
1296476166954647552,http://pbs.twimg.com/media/Ef4CNBfXkAMOtwp.jpg,0.0,0.0090592624137884
1296476165729849345,http://pbs.twimg.com/media/Ef4CMxCUwAAhX5F.jpg,0.93798828125,0.0090592624137884
1296476165541179393,http://pbs.twimg.com/media/Ef4CM12WkAEo9a8.jpg,0.0,0.0090592624137884
1296476161275564032,http://pbs.twimg.com/media/Ef4CMkuXgAEf1xJ.jpg,0.900390625,0.0087460718310341
1296476158427639811,http://pbs.twimg.com/media/Ef4CMS6XoAEhuid.jpg,0.69140625,0.0087460718310341
1296476156938657792,http://pbs.twimg.com/media/Ef4CMHvWkAMggc4.jpg,0.0,0.0087460718310341
1296476153532874753,http://pbs.twimg.com/media/Ef4CMJGU4AAy9ip.jpg,0.63330078125,0.0087460718310341
1296476142493470720,http://pbs.twimg.com/media/Ef4CLLjWsAQ-Jlc.jpg,0.0,0.0087460718310341
1296476136038371331,http://pbs.twimg.com/media/Ef4B7egX0AUCTmE.jpg,0.9365234375,0.0087460718310341
1296476129868554242,http://pbs.twimg.com/media/Ef4CKuRU8AIhn7F.jpg,0.9130859375,0.0087460718310341
1296476125451956224,http://pbs.twimg.com/media/Ef4CKjeU0AERQkc.jpg,0.55126953125,0.0087460718310341
1296476109417185280,http://pbs.twimg.com/media/Ef4CJm7WkAEtIgN.jpg,0.94677734375,0.0087460718310341
1296476108389482497,http://pbs.twimg.com/media/Ef4CJOHWsAAsT5P.jpg,0.0,0.0087460718310341
1296476107127095297,http://pbs.twimg.com/media/Ef4CJh2WAAAToq1.jpg,0.0,0.0087460718310341
1296476105155715073,http://pbs.twimg.com/media/Ef4CJYQXgAMI4R2.jpg,0.0,0.0087460718310341
1296476098998542338,http://pbs.twimg.com/media/Ef4CI7XU0AAxLVh.jpg,0.86328125,0.0087460718310341
1296476097417293826,http://pbs.twimg.com/media/Ef4CIAUWsAAyS0x.png,0.0,0.0087460718310341
1296476094858657793,http://pbs.twimg.com/media/Ef4CIzGVoAAeITE.jpg,0.0,0.0087460718310341
1296476093017395206,http://pbs.twimg.com/media/Ef4BA3aXkAMYOfq.jpg,0.5751953125,0.0087460718310341
1296476091029356544,http://pbs.twimg.com/media/Ef4B7eyXYA07IJJ.jpg,0.0,0.0087460718310341
1296476089808834560,http://pbs.twimg.com/media/Ef4CHbBWkAI56XE.jpg,0.94873046875,0.0087460718310341
1296476086495334405,http://pbs.twimg.com/media/Ef4B0f0WsAg1Vvk.png,0.9228515625,0.0087460718310341
1296476083542523904,http://pbs.twimg.com/media/Ef4CIIiWkAEeBLe.jpg,0.0,0.0087460718310341
1296476083127087104,http://pbs.twimg.com/media/Edpj7PTUwAAkWxd.png,0.0,0.0087460718310341
1296476083064320007,http://pbs.twimg.com/media/Ef36Jq8UEAE4fiZ.jpg,0.0,0.0087460718310341
1296476083043340289,http://pbs.twimg.com/media/Eft4JpAVAAI9lje.png,0.0,0.0087460718310341
1296476083026636800,http://pbs.twimg.com/media/Eev0RT3WkAExhER.png,0.0,0.0087460718310341
1296476081235595264,http://pbs.twimg.com/media/Ef4CH1eXoAAikh_.jpg,0.0,0.0087460718310341
1296476074390491138,http://pbs.twimg.com/media/Ef4CHmWWoAAgpng.jpg,0.896484375,0.0087460718310341
1296476073824321542,http://pbs.twimg.com/tweet_video_thumb/Ef4B7AaXYAAxuaN.jpg,0.0,0.0087460718310341
1296476072205266953,http://pbs.twimg.com/media/Ef4BCVJWAAIeHea.jpg,0.0,0.0087460718310341
1296476067398660096,http://pbs.twimg.com/media/Ef4ByluXoAASKaf.jpg,0.92333984375,0.0087460718310341
1296476067394400257,http://pbs.twimg.com/media/Ef4CHLqVAAE6wtp.jpg,0.0,0.0172047465138377
1296476062818459650,http://pbs.twimg.com/media/Ef4B8iOWoAAIGHz.png,0.9150390625,0.0172047465138377
1296476056665423872,http://pbs.twimg.com/media/Ef4CGi4WsAIlL0S.jpg,0.0,0.0172047465138377
1296476054983454729,http://pbs.twimg.com/media/Ef4CA4fWAAIAkwi.jpg,0.64453125,0.0172047465138377
1296476051296661505,http://pbs.twimg.com/media/Ef4CDxJXYAQtqRA.jpg,0.0,0.0172047465138377
1296476043314900994,http://pbs.twimg.com/media/Ef4CBgoWoAEeq8O.jpg,0.8974609375,0.0172047465138377
1296476042102747136,http://pbs.twimg.com/media/Ef4CFbOXkAY6fTm.jpg,0.34375,0.0172047465138377
1296476037208047619,http://pbs.twimg.com/media/Ef4CFeSXoAAZHgi.jpg,0.69140625,0.0172047465138377
1296476035568017409,http://pbs.twimg.com/tweet_video_thumb/Ef4CFCoWoAIBH23.jpg,0.83935546875,0.0172047465138377
1296476028542554112,http://pbs.twimg.com/media/Ef4CEkmWAAU103u.jpg,0.9462890625,0.0172047465138377
1296476026671947776,http://pbs.twimg.com/media/Ef4CB4OWoAA3f2i.jpg,0.0,0.0172047465138377
1296476025078022146,http://pbs.twimg.com/media/Ef4CEpjXgAElZXk.jpg,0.81494140625,0.0172047465138377
1296476023232638976,http://pbs.twimg.com/media/Ef4CDVHXsAAuvA8.jpg,0.89990234375,0.0172047465138377
1296476022364307457,http://pbs.twimg.com/media/Ef4CEdBWsAU_7Nk.jpg,0.8896484375,0.0172047465138377
1296476021009547268,http://pbs.twimg.com/media/Ef4CETxXgAMGB0T.jpg,0.935546875,0.0172047465138377
1296476017318596615,http://pbs.twimg.com/media/Ef4BuHKWsAIj3Q9.jpg,0.923828125,0.0172047465138377
1296476015364014081,http://pbs.twimg.com/media/Ef4CDTCWsAUL9yr.jpg,0.0,0.0172047465138377
1296476015229837312,http://pbs.twimg.com/media/Ef4CEHOWAAY49BE.jpg,0.0,0.0172047465138377
1296476009718587393,http://pbs.twimg.com/media/Ef4CDzhXoAMtYaS.jpg,0.0,0.0172047465138377
1296476008921600001,http://pbs.twimg.com/media/Ef4CDfeVoAAvbpL.jpg,0.0,0.0172047465138377
1296476008254779392,http://pbs.twimg.com/media/Ef4CDfYU8AAe5e1.png,0.0,0.0172047465138377
1296476007319437318,http://pbs.twimg.com/media/Ef4BnooXsAI3lwX.jpg,0.0,0.0172047465138377
1296476000566550528,http://pbs.twimg.com/media/Ef4B-rEXoAEBR7G.jpg,0.8876953125,0.0172047465138377
1296475987618803714,http://pbs.twimg.com/media/Ef4B_09U0AESy7n.jpg,0.91748046875,0.0172047465138377
1296475987341971456,http://pbs.twimg.com/media/Ef4CCdYWoAMatrl.jpg,0.0,0.0172047465138377
1296475984456228866,http://pbs.twimg.com/media/Ef4B_0yUwAA3tlD.jpg,0.939453125,0.0172047465138377
1296475984162627584,http://pbs.twimg.com/media/Ef4CCTFXoAAOwtG.jpg,0.0,0.0172047465138377
1296475983990730752,http://pbs.twimg.com/media/Ef4CB4OU0AI56ke.jpg,0.927734375,0.0172047465138377
1296475981583134722,http://pbs.twimg.com/media/Ef4CCJkWkAA404A.jpg,0.0,0.0172047465138377
1296475977573433347,http://pbs.twimg.com/media/Ef4CB6CXoAUhsBc.jpg,0.94091796875,0.0172047465138377
1296475971911127043,http://pbs.twimg.com/media/Ef4CBh9UcAAzii3.jpg,0.0,0.0172047465138377
1296475971902726145,http://pbs.twimg.com/media/Ef4BfWSXYAQZ30J.jpg,0.7265625,0.0117382246835698
1296475971567210497,http://pbs.twimg.com/media/Ef4CAxdXsAEI7t6.jpg,0.93505859375,0.0117382246835698
1296475970669600768,http://pbs.twimg.com/media/Ef4B5XVU8AA-pH9.jpg,0.92919921875,0.0117382246835698
1296475968358547456,http://pbs.twimg.com/media/Ef4CBccUwAAjNFS.jpg,0.75244140625,0.0117382246835698
1296475968140455941,http://pbs.twimg.com/media/Ef4CBbHUMAAqeOY.jpg,0.927734375,0.0117382246835698
1296475967838400516,http://pbs.twimg.com/media/Ef4CBarUEAAi2pn.jpg,0.783203125,0.0117382246835698
1296475962931064835,http://pbs.twimg.com/media/Ef4CAAGVoAAoAea.jpg,0.94482421875,0.0117382246835698
1296475962167693312,http://pbs.twimg.com/media/Ef4CA1vWoAclA1e.jpg,0.66064453125,0.0117382246835698
1296475959105904640,http://pbs.twimg.com/media/EbYp1_mXsAM_lqo.jpg,0.9384765625,0.0117382246835698
1296475956773822466,http://pbs.twimg.com/tweet_video_thumb/Ef4CAfjWkAIh3Ps.jpg,0.853515625,0.0117382246835698
1296475953330360320,http://pbs.twimg.com/media/Ef4B9gBXsAEJwRj.png,0.94970703125,0.0117382246835698
1296475949534453761,http://pbs.twimg.com/media/Ef4B7VxXsAAJ8Pt.jpg,0.88134765625,0.0117382246835698
1296475948401991680,http://pbs.twimg.com/media/Ef4CALiWoAYIK58.jpg,0.0,0.0117382246835698
1296475947156353024,http://pbs.twimg.com/tweet_video_thumb/Ef4B_14WsAA5cKw.jpg,0.80224609375,0.0117382246835698
1296475944098705408,http://pbs.twimg.com/media/Ef4CABDXkAE8HHY.jpg,0.9326171875,0.0117382246835698
1296475939606540292,http://pbs.twimg.com/media/Ef4BbhTWoAEyNSs.jpg,0.86669921875,0.0117382246835698
1296475937933066242,http://pbs.twimg.com/media/Ef4B_ZwWsAM-8Vp.jpg,0.0,0.0117382246835698
1296475937501057025,http://pbs.twimg.com/media/Ef4B_exX0AAagrQ.jpg,0.81396484375,0.0117382246835698
1296475932908310528,http://pbs.twimg.com/tweet_video_thumb/Ef4B--eWsAIX6F8.jpg,0.67724609375,0.0117382246835698
1296475931637362689,http://pbs.twimg.com/media/Ef4B_UHXgAEGJ6I.jpg,0.0,0.0117382246835698
1296475930953691142,http://pbs.twimg.com/media/Ef4B-slVAAAcsS1.jpg,0.94091796875,0.0117382246835698
1296475928428675072,http://pbs.twimg.com/media/Ef4B-_8UwAI1mkf.jpg,0.9423828125,0.0117382246835698
1296475917091577857,http://pbs.twimg.com/media/Ef4B-MyUYAE8Ujs.png,0.0,0.0117382246835698
1296475916839919616,http://pbs.twimg.com/media/Ef4B92rUwAA1ads.jpg,0.0,0.0117382246835698
1296475913018839040,http://pbs.twimg.com/media/Ef4B9xuVoAUlYt2.jpg,0.0,0.0117382246835698
1296475912284839936,http://pbs.twimg.com/media/Ef312SqXYAAAxN-.jpg,0.0,0.0117382246835698
1296475911697686530,http://pbs.twimg.com/media/Ef4B92fUEAALBvD.jpg,0.0,0.0117382246835698
1296475911303421953,http://pbs.twimg.com/media/Ef4B-HTX0AAPJIX.jpg,0.88818359375,0.0117382246835698
1296475910238068736,http://pbs.twimg.com/media/Ef4B9vHXsAAixeE.jpg,0.91455078125,0.0117382246835698
1296475909927641090,http://pbs.twimg.com/media/Ef4B-BcXsAcktYq.jpg,0.0,0.0117382246835698
1296475908585521155,http://pbs.twimg.com/media/Ef4B97AU4AEV29u.jpg,0.0,0.0117382246835698
1296475906131755010,http://pbs.twimg.com/tweet_video_thumb/Ef4B9j2UcAEt0IE.jpg,0.75048828125,0.0094287919421349
1296475901832691713,http://pbs.twimg.com/media/Ef4B9UQWkAMC9CZ.jpg,0.6123046875,0.0094287919421349
1296475901094494210,http://pbs.twimg.com/media/Ef4B9hKXsAM80N1.jpg,0.0,0.0094287919421349
1296475900943507457,http://pbs.twimg.com/media/Ef4B7sKWkAIVir8.jpg,0.94091796875,0.0094287919421349
1296475896208150534,http://pbs.twimg.com/media/Ef4B8XLX0AIhhQ-.jpg,0.947265625,0.0094287919421349
1296475895411154945,http://pbs.twimg.com/media/Ef4B8zmU4AAPgOk.jpg,0.345458984375,0.0094287919421349
1296475892785479680,http://pbs.twimg.com/media/Ef4B9ECWoAEWINr.jpg,0.5859375,0.0094287919421349
1296475892596838400,http://pbs.twimg.com/media/Ef4B9CAWkAAbdVd.jpg,0.50537109375,0.0094287919421349
1296475892412289024,http://pbs.twimg.com/media/Ef4BtbCXYAEzCN_.jpg,0.8408203125,0.0094287919421349
1296475890122194945,http://pbs.twimg.com/media/Ef4B810WsAI7MnB.jpg,0.93603515625,0.0094287919421349
1296475889014890502,http://pbs.twimg.com/media/Ef4B809X0AM_T04.jpg,0.96435546875,0.0094287919421349
1296475886703857664,http://pbs.twimg.com/media/Ef4B8tBX0AERr5f.jpg,0.94091796875,0.0094287919421349
1296475875613999104,http://pbs.twimg.com/media/Ef4B8AAWoAIgcpM.jpg,0.0,0.0094287919421349
1296475874880094210,http://pbs.twimg.com/media/Ef4B8BAWAAA4I3f.jpg,0.0,0.0094287919421349
1296475873302982658,http://pbs.twimg.com/media/Ef4B7fFWoAIGOPH.jpg,0.80517578125,0.0094287919421349
1296475872829022208,http://pbs.twimg.com/media/Ef4B7P5XYAA3Fks.jpg,0.0,0.0094287919421349
1296475868961951744,http://pbs.twimg.com/media/Ef4B7pXXoAA3dW7.jpg,0.0,0.0094287919421349
1296475865887444992,http://pbs.twimg.com/media/Ef4B5qxWsAIFb0Z.jpg,0.0,0.0094287919421349
1296475865807806466,http://pbs.twimg.com/media/Ef4B7U2XYAE48Bn.jpg,0.0,0.0094287919421349
1296475865065414659,http://pbs.twimg.com/media/Ef4B7abXkAIVtSe.jpg,0.0,0.0094287919421349
1296475864750792706,http://pbs.twimg.com/media/Ef4B7bhWsAAnoAG.jpg,0.0,0.0094287919421349
1296475864113254402,http://pbs.twimg.com/media/Ef4B1iwWsAErWPk.jpg,0.9296875,0.0094287919421349
1296475863882637313,http://pbs.twimg.com/media/Ef4B7U7X0AkmV-d.jpg,0.88818359375,0.0094287919421349
1296475863802880001,http://pbs.twimg.com/media/Ef4B7YcWAAcysD9.jpg,0.0,0.0094287919421349
1296475863505149959,http://pbs.twimg.com/media/Ef4B7O9XYAEsApU.jpg,0.275634765625,0.0094287919421349
1296475860401365001,http://pbs.twimg.com/media/Ef4B6xbXsAAwcWW.jpg,0.0,0.0094287919421349
1296475860254576640,http://pbs.twimg.com/media/Ef4B7MJXgAYklhq.jpg,0.0,0.0094287919421349
1296475858035773441,http://pbs.twimg.com/media/Ef4B66kVAAENZQs.jpg,0.63671875,0.0094287919421349
1296475856282492929,http://pbs.twimg.com/media/Ef4B6s_XkAIPx8i.jpg,0.9033203125,0.0094287919421349
1296475854390857730,http://pbs.twimg.com/media/Ef4B6BdXgAAATHp.jpg,0.9453125,0.0094287919421349
1296475854298656768,http://pbs.twimg.com/media/Ef4B6ymXgAQwSs5.jpg,0.0,0.0094287919421349
1296475853875019776,http://pbs.twimg.com/media/Ef4B6xkXYAAJq-I.jpg,0.9140625,0.0109582045658802
1296475853258395649,http://pbs.twimg.com/media/Ef4B6xcXoAAZqGt.jpg,0.5849609375,0.0109582045658802
1296475852415393797,http://pbs.twimg.com/media/Ef4B6ueWAAERK_D.jpg,0.0,0.0109582045658802
1296475852293758982,http://pbs.twimg.com/media/Ef4B6c1U8AE-DK8.png,0.0,0.0109582045658802
1296475852180520963,http://pbs.twimg.com/media/Ef4B6s5X0AIhRY_.jpg,0.0,0.0109582045658802
1296475851907792898,http://pbs.twimg.com/media/Ef4B6raXgAIFCB1.jpg,0.0,0.0109582045658802
1296475851169636354,http://pbs.twimg.com/media/Ef4B6g4WAAIfp-P.jpg,0.0,0.0109582045658802
1296475850922131463,http://pbs.twimg.com/media/Ef4B6nIXYAE7itY.jpg,0.947265625,0.0109582045658802
1296475848887984129,http://pbs.twimg.com/media/Ef4B6C7XoAEwiYC.jpg,0.0,0.0109582045658802
1296475846811811841,http://pbs.twimg.com/media/Ef4B6VKXoAo-d7m.jpg,0.0,0.0109582045658802
1296475845205336065,http://pbs.twimg.com/media/Ef4B6R9UcAAJuqH.jpg,0.0,0.0109582045658802
1296475843766689795,http://pbs.twimg.com/media/Ef4B6KeX0AEhIsJ.jpg,0.939453125,0.0109582045658802
1296475842529366017,http://pbs.twimg.com/media/Ef4B6IHXoAAhEwk.png,0.79931640625,0.0109582045658802
1296475841652826114,http://pbs.twimg.com/media/Ef4B6FhXYAI8wcj.jpg,0.0,0.0109582045658802
1296475841069801472,http://pbs.twimg.com/media/Ef4B6CzWoAAZVH7.jpg,0.90625,0.0109582045658802
1296475840839143427,http://pbs.twimg.com/media/Ef4B6AyXoAAJnKY.jpg,0.861328125,0.0109582045658802
1296475839635369985,http://pbs.twimg.com/media/Ef4B59gWoAY2PYF.jpg,0.92822265625,0.0109582045658802
1296475838918074368,http://pbs.twimg.com/media/Ef4B565XoAA-uzj.jpg,0.0,0.0109582045658802
1296475838800699397,http://pbs.twimg.com/media/Ef4B51pVAAA3Ht4.jpg,0.95068359375,0.0109582045658802
1296475834237308930,http://pbs.twimg.com/media/Ef4BoF3XYAADOUO.jpg,0.876953125,0.0109582045658802
1296475831599079425,http://pbs.twimg.com/media/Ef3601aXkAISXje.jpg,0.85400390625,0.0109582045658802
1296475831573704704,http://pbs.twimg.com/media/EcV2Y0FWkAAAzGv.jpg,0.0,0.0109582045658802
1296475831556902912,http://pbs.twimg.com/media/EewHpPmXgAAdkWq.jpg,0.0,0.0109582045658802
1296475831510814720,http://pbs.twimg.com/media/Efo8OhTWAAAx1d_.jpg,0.0,0.0109582045658802
1296475831448088584,http://pbs.twimg.com/media/EepbRdEWAAAOBMg.jpg,0.95263671875,0.0109582045658802
1296475831401938945,http://pbs.twimg.com/media/Ef3QekaWsAgnt1q.jpg,0.76123046875,0.0109582045658802
1296475830550507520,http://pbs.twimg.com/media/Ef4B5NcXgAIW07M.jpg,0.0,0.0109582045658802
1296475828977639426,http://pbs.twimg.com/media/Ef4BX56XkAcVC9x.jpg,0.78955078125,0.0109582045658802
1296475826494623746,http://pbs.twimg.com/media/Ef4B5HbXoAQ7Usk.jpg,0.63427734375,0.0109582045658802
1296475822623260675,http://pbs.twimg.com/media/Ef4B4nOXsAE6JBV.jpg,0.90576171875,0.0109582045658802
1296475814867894273,http://pbs.twimg.com/media/Ef3_yW7UYAE3SW4.jpg,0.8935546875,0.007763003759707
1296475812250759168,http://pbs.twimg.com/media/Ef4Bcq5XsAAADzh.jpg,0.0,0.007763003759707
1296475808152911872,http://pbs.twimg.com/media/Ef4BmirWAAEvVWp.jpg,0.939453125,0.007763003759707
1296475807754399744,http://pbs.twimg.com/media/Ef4B34pU8AEDCss.jpg,0.9072265625,0.007763003759707
1296475806890328065,http://pbs.twimg.com/media/Ef4Bih9WoAAoHPZ.jpg,0.6953125,0.007763003759707
1296475801802739713,http://pbs.twimg.com/media/Ef4B1ZVUcAY_p-W.jpg,0.0,0.007763003759707
1296475801022607361,http://pbs.twimg.com/media/Ef4B3TIUwAEWHXo.jpg,0.37841796875,0.007763003759707
1296475799453937667,http://pbs.twimg.com/media/Ef4BjVOWkAMwJw5.jpg,0.0,0.007763003759707
1296475799319650307,http://pbs.twimg.com/media/Ef4B1rCVAAAVWoa.jpg,0.7841796875,0.007763003759707
1296475795418996737,http://pbs.twimg.com/media/Ef4B3YDWoAEcwFT.jpg,0.0,0.007763003759707
1296475794265583616,http://pbs.twimg.com/media/Ef4B3E-WkAE6jHb.jpg,0.78369140625,0.007763003759707
1296475793128861696,http://pbs.twimg.com/media/Ef4B3QEXkAI04mk.jpg,0.0,0.007763003759707
1296475787206565889,http://pbs.twimg.com/media/Ef4B2pCUEAcDc4G.png,0.0,0.007763003759707
1296475782936756224,http://pbs.twimg.com/media/Ef4B2b2XsAAs2iU.jpg,0.0,0.007763003759707
1296475780952850432,http://pbs.twimg.com/media/Ef4BNLkWsAEGjKq.png,0.0,0.007763003759707
1296475777127583751,http://pbs.twimg.com/media/Ef4ByM3XsAQnn4e.png,0.0,0.007763003759707
1296475774179053571,http://pbs.twimg.com/tweet_video_thumb/Ef4B1qhVAAEV08V.jpg,0.7451171875,0.007763003759707
1296475773621227521,http://pbs.twimg.com/media/Ef4B1zoWsAM59OV.jpg,0.703125,0.007763003759707
1296475771842826240,http://pbs.twimg.com/media/Ef4B0M5XoAETgfl.jpg,0.73486328125,0.007763003759707
1296475770404196353,http://pbs.twimg.com/media/Ef4B1saXkAAp1zF.jpg,0.0,0.007763003759707
1296475769045233664,http://pbs.twimg.com/media/Ef4BuNKXsAw26jo.jpg,0.0,0.007763003759707
1296475765937233929,http://pbs.twimg.com/media/Ef4B1n4UEAEazln.jpg,0.9501953125,0.007763003759707
1296475763647172608,http://pbs.twimg.com/media/Ef4B1ioXgAAU2LH.jpg,0.9482421875,0.007763003759707
1296475760191045639,http://pbs.twimg.com/media/Ef4B05BXYAYS9JH.jpg,0.9296875,0.007763003759707
1296475758580432898,http://pbs.twimg.com/tweet_video_thumb/Ef4BdZYXsAAmwkA.jpg,0.0,0.007763003759707
1296475758291025923,http://pbs.twimg.com/media/Ef4B1PHXYAIlN-o.jpg,0.7421875,0.007763003759707
1296475758274260996,http://pbs.twimg.com/tweet_video_thumb/Ef4B08yWsAEC01C.jpg,0.0,0.007763003759707
1296475754310631430,http://pbs.twimg.com/media/Ef4B0_3WoAophSZ.jpg,0.88427734375,0.007763003759707
1296475748748992517,http://pbs.twimg.com/tweet_video_thumb/Ef4B0MzWkAA-FLy.jpg,0.0,0.007763003759707
1296475742478446594,http://pbs.twimg.com/media/Ef4B0SpXsAIJ2lI.jpg,0.84521484375,0.007763003759707
1296475739550887938,http://pbs.twimg.com/media/Ef4Bzm3XoAAjmZR.jpg,0.82080078125,0.0104512492002084
1296475738451906565,http://pbs.twimg.com/media/Ef4BzXnXgAE5tVa.png,0.0,0.0104512492002084
1296475727869681664,http://pbs.twimg.com/media/Ef4BzR7XYAMtOql.jpg,0.85302734375,0.0104512492002084
1296475727177687043,http://pbs.twimg.com/media/Ef4By7iXsAATARW.jpg,0.580078125,0.0104512492002084
1296475724921135106,http://pbs.twimg.com/media/Ef4By9LXYAAkWdg.jpg,0.0,0.0104512492002084
1296475722698104833,http://pbs.twimg.com/media/Ef4By6qUYAEMoBn.png,0.0,0.0104512492002084
1296475722115166210,http://pbs.twimg.com/media/Ef4BvCBWsAEdu0e.jpg,0.0,0.0104512492002084
1296475719405645825,http://pbs.twimg.com/media/Ef4ByAcXgAAdDoI.jpg,0.0,0.0104512492002084
1296475718763896834,http://pbs.twimg.com/media/Ef4ByjFVAAIJ-08.jpg,0.81884765625,0.0104512492002084
1296475717677580290,http://pbs.twimg.com/media/Ef4By2ZUEAMq_Dr.jpg,0.93212890625,0.0104512492002084
1296475717128126465,http://pbs.twimg.com/media/Ef4By1GU0AIZhaE.jpg,0.51806640625,0.0104512492002084
1296475716620619776,http://pbs.twimg.com/media/Ef4ByyaU4AImm1V.jpg,0.93017578125,0.0104512492002084
1296475715332972547,http://pbs.twimg.com/media/Ef4ByurUEAIqdJ2.jpg,0.0,0.0104512492002084
1296475715169329162,http://pbs.twimg.com/media/Ef4BytQUEAUkGcO.jpg,0.66796875,0.0104512492002084
1296475715035181060,http://pbs.twimg.com/media/Ef4ByEQVoAAe-4C.jpg,0.8798828125,0.0104512492002084
1296475714930323457,http://pbs.twimg.com/media/Ef4BysKUMAEoiRb.jpg,0.60107421875,0.0104512492002084
1296475714842177536,http://pbs.twimg.com/media/Ef4AcLdWAAMw9Wa.png,0.0,0.0104512492002084
1296475712325586944,http://pbs.twimg.com/media/Ef4ByYgWsAAgAdi.jpg,0.82666015625,0.0104512492002084
1296475708395524096,http://pbs.twimg.com/media/Ef4Bxw_WsAA4N2X.jpg,0.8388671875,0.0104512492002084
1296475707854528513,http://pbs.twimg.com/media/Ef4BufFXgAYkjmE.jpg,0.8623046875,0.0104512492002084
1296475705744805893,http://pbs.twimg.com/media/Ef4ByBTWAAA1RUt.jpg,0.0,0.0104512492002084
1296475702817169409,http://pbs.twimg.com/media/Ef4ByB1XoAEtX2W.jpg,0.6103515625,0.0104512492002084
1296475701927915526,http://pbs.twimg.com/media/Ef4Bx7HXkAYoxR4.jpg,0.0,0.0104512492002084
1296475698748698624,http://pbs.twimg.com/media/Ef4BwosXkAA6mJc.jpg,0.90673828125,0.0104512492002084
1296475697855307776,http://pbs.twimg.com/media/Ef4BxadXgAIcrlB.jpg,0.72119140625,0.0104512492002084
1296475692574609409,http://pbs.twimg.com/media/Ef4BH6yXkAMI415.jpg,0.72705078125,0.0104512492002084
1296475687558287360,http://pbs.twimg.com/tweet_video_thumb/Ef4Bw3kWoAE2DeT.jpg,0.6904296875,0.0104512492002084
1296475686673186819,http://pbs.twimg.com/media/Ef4Bs4zWkAI57Hg.jpg,0.0,0.0104512492002084
1296475679597502464,http://pbs.twimg.com/media/Ef4Bv_3WAAMfxvs.jpg,0.9453125,0.0104512492002084
1296475677210943488,http://pbs.twimg.com/media/Ef4BXTKWAAERb73.jpg,0.88720703125,0.0082245754674659
1296475673587048451,http://pbs.twimg.com/media/Ef4BvNsXgAoZjtT.jpg,0.873046875,0.0082245754674659
1296475668218359808,http://pbs.twimg.com/media/Ef4AcpeWkAEws1A.jpg,0.84765625,0.0082245754674659
1296475661670981633,http://pbs.twimg.com/media/Ef4Bva9XYAA1Rig.jpg,0.8984375,0.0082245754674659
1296475660509155332,http://pbs.twimg.com/media/Ef4A-TLVAAU2DY5.jpg,0.0,0.0082245754674659
1296475657933860864,http://pbs.twimg.com/media/Ef4BvVbXYAAI91G.jpg,0.89208984375,0.0082245754674659
1296475655803146246,http://pbs.twimg.com/media/Ef4BhnpUMAAg0rq.jpg,0.82470703125,0.0082245754674659
1296475655471849474,http://pbs.twimg.com/media/Ef4BhOOXgAMUlUk.jpg,0.80224609375,0.0082245754674659
1296475651910893569,http://pbs.twimg.com/media/Ef4BuxHUwAAhqdg.png,0.0,0.0082245754674659
1296475651902406657,http://pbs.twimg.com/media/Ef4ButmVoAA1wP8.jpg,0.0,0.0082245754674659
1296475649364889605,http://pbs.twimg.com/media/Ef4Btq_WsAAQ6hv.jpg,0.92138671875,0.0082245754674659
1296475644491071490,http://pbs.twimg.com/media/Ef4BoMoWAAArxhp.png,0.0,0.0082245754674659
1296475641601306624,http://pbs.twimg.com/media/Ef4BuHmXYAcOgae.jpg,0.386962890625,0.0082245754674659
1296475635301470211,http://pbs.twimg.com/media/Ef4BWjXXgAASC-r.jpg,0.0,0.0082245754674659
1296475634810707968,http://pbs.twimg.com/media/Ef4BttOX0AEFb1-.jpg,0.9521484375,0.0082245754674659
1296475628410220544,http://pbs.twimg.com/media/Ef4BrhwXgAEo41C.jpg,0.939453125,0.0082245754674659
1296475627671957516,http://pbs.twimg.com/media/Ef4BjFTXsAAMjHb.jpg,0.93994140625,0.0082245754674659
1296475626124259335,http://pbs.twimg.com/tweet_video_thumb/Ef4BtTFU8AANxif.jpg,0.65478515625,0.0082245754674659
1296475625214140417,http://pbs.twimg.com/media/Ef4BsXmWsAE0RDG.jpg,0.0,0.0082245754674659
1296475620541595653,http://pbs.twimg.com/media/Ef4Bsr6X0AAUv6j.jpg,0.8671875,0.0082245754674659
1296475620491370497,http://pbs.twimg.com/media/Ef4BsZjUMAA9S8u.jpg,0.8994140625,0.0082245754674659
1296475606243258368,http://pbs.twimg.com/media/Ef4BrjQXkAIs7ei.jpg,0.86962890625,0.0082245754674659
1296475606088060930,http://pbs.twimg.com/media/Ef4Br8JWoAEz5Mo.jpg,0.0,0.0082245754674659
1296475606050381824,http://pbs.twimg.com/media/Ef4BsXXU4AAqVEr.jpg,0.90087890625,0.0082245754674659
1296475601604349957,http://pbs.twimg.com/media/Ef4BrnuWoAcoLyN.jpg,0.0,0.0082245754674659
1296475600731934722,http://pbs.twimg.com/media/Ef4BnFSWoAIZuB3.jpg,0.81884765625,0.0082245754674659
1296475600560029696,http://pbs.twimg.com/media/Ef4Br91X0AIY74y.jpg,0.94140625,0.0082245754674659
1296475600224489475,http://pbs.twimg.com/media/Ef4BhzAWAAA2pK0.jpg,0.0,0.0082245754674659
1296475596437028864,http://pbs.twimg.com/media/Ef4BrHSWkAA_gEc.jpg,0.89208984375,0.0082245754674659
1296475594922876932,http://pbs.twimg.com/media/Ef4BrqgXgAMuUh4.png,0.9169921875,0.0082245754674659
1296475594713071624,http://pbs.twimg.com/media/Ef4BrnDXgAIdagi.jpg,0.0,0.0082245754674659
1296475594688004099,http://pbs.twimg.com/media/Ef4BrqWXoAIYX4W.jpg,0.0,0.0082245754674659
1296475590187507712,http://pbs.twimg.com/media/Ef4BrbVXgAAMcI9.jpg,0.0,0.0083597140957511
1296475587243053059,http://pbs.twimg.com/media/Ef4BeZjXkAM6sqr.jpg,0.80810546875,0.0083597140957511
1296475586479697923,http://pbs.twimg.com/media/Ef4BpxhXYAEhHeK.jpg,0.33544921875,0.0083597140957511
1296475585821245440,http://pbs.twimg.com/media/Ef4BrMyXgAcGgNi.jpg,0.0,0.0083597140957511
1296475585716387840,http://pbs.twimg.com/media/Ef4AdH_WoAEzQwa.jpg,0.0,0.0083597140957511
1296475581807235072,http://pbs.twimg.com/media/Ef4BqrcUYAULCO1.png,0.0,0.0083597140957511
1296475580548997124,http://pbs.twimg.com/media/Ef4BqrNXYAIZF1M.jpg,0.0,0.0083597140957511
1296475579794034689,http://pbs.twimg.com/media/EfYM2oSWsAA3gvZ.jpg,0.0,0.0083597140957511
1296475579756183554,http://pbs.twimg.com/media/Ef3kSbmUMAAAnnw.jpg,0.9384765625,0.0083597140957511
1296475579680804868,http://pbs.twimg.com/media/Ef1YmbkXsAAH42Y.jpg,0.564453125,0.0083597140957511
1296475576480522240,http://pbs.twimg.com/media/Ef4BpoIVoAAYWtn.jpg,0.0,0.0083597140957511
1296475576115638272,http://pbs.twimg.com/media/Ef4Bpm3X0AIXJWt.png,0.802734375,0.0083597140957511
1296475572072259585,http://pbs.twimg.com/tweet_video_thumb/Ef4BqF3WsAMbCL5.jpg,0.0,0.0083597140957511
1296475569098493952,http://pbs.twimg.com/media/Ef4Bp4YWoAEJ6al.jpg,0.0,0.0083597140957511
1296475568121225219,http://pbs.twimg.com/media/Ef4BqCYVAAA2CI0.jpg,0.9521484375,0.0083597140957511
1296475561628504064,http://pbs.twimg.com/media/Ef4BoLVWsAEWgeA.jpg,0.87109375,0.0083597140957511
1296475557740388355,http://pbs.twimg.com/media/Ef4BpfvWkAIUELR.png,0.326171875,0.0083597140957511
1296475557589389312,http://pbs.twimg.com/media/Ef4BpUiXkAI4C-a.jpg,0.8544921875,0.0083597140957511
1296475549762822148,http://pbs.twimg.com/media/Ef4BpFIU4AAdwZb.jpg,0.0,0.0083597140957511
1296475548630360064,http://pbs.twimg.com/media/Ef4BoNUUMAEP5g6.jpg,0.9326171875,0.0083597140957511
1296475548428963840,http://pbs.twimg.com/media/Ef4Bo5cX0AQiWVT.jpg,0.93310546875,0.0083597140957511
1296475546306654210,http://pbs.twimg.com/media/Ef4BooEWkAAw0Ol.jpg,0.3720703125,0.0083597140957511
1296475539780382721,http://pbs.twimg.com/media/Ef4BoRgUEAA-dRK.jpg,0.0,0.0083597140957511
1296475537892925441,http://pbs.twimg.com/media/Ef4BoREXYAUpXLt.jpg,0.9345703125,0.0083597140957511
1296475537762852866,http://pbs.twimg.com/tweet_video_thumb/Ef4BnjEX0AAKomr.jpg,0.3232421875,0.0083597140957511
1296475534885609473,http://pbs.twimg.com/media/Ef4BTrlXsAMvkNQ.jpg,0.0,0.0083597140957511
1296475532129980416,http://pbs.twimg.com/media/Ef4BoEHWsAcrZf1.jpg,0.80859375,0.0083597140957511
1296475523737096196,http://pbs.twimg.com/media/Ef4BnedUcAAjSld.jpg,0.0,0.0083597140957511
1296475519236689920,http://pbs.twimg.com/media/Ef4BnLGWAAELXgF.jpg,0.87841796875,0.0083597140957511
1296475516791398405,http://pbs.twimg.com/media/Ef4BnEDU0AA4iIt.jpg,0.92333984375,0.0083597140957511
1296475516036427777,http://pbs.twimg.com/media/Ef4BmwqWsAMRdtg.jpg,0.8759765625,0.0083597140957511
1296475515486969858,http://pbs.twimg.com/media/Ef4BmShUYAAIv3m.jpg,0.90673828125,0.0082764984784467
1296475512785768451,http://pbs.twimg.com/media/Ef4BmqFVAAAd1L6.png,0.0,0.0082764984784467
1296475501842894848,http://pbs.twimg.com/media/Ef4BmJ7U0AIZruQ.jpg,0.78076171875,0.0082764984784467
1296475499234025474,http://pbs.twimg.com/media/Ef4BmBAXgAAeB1k.jpg,0.0,0.0082764984784467
1296475496742555648,http://pbs.twimg.com/media/Ef4BlteXoAMqFZj.jpg,0.0,0.0082764984784467
1296475494775496708,http://pbs.twimg.com/media/Ef4BlgXU8AIwpxF.jpg,0.0,0.0082764984784467
1296475491625574400,http://pbs.twimg.com/media/Ef4BKLuXsAMeaCg.png,0.68408203125,0.0082764984784467
1296475490681851912,http://pbs.twimg.com/media/Ef4Blm9UMAA14To.jpg,0.38427734375,0.0082764984784467
1296475488286892032,http://pbs.twimg.com/media/Ef4BlVRWoAgn_wo.jpg,0.8251953125,0.0082764984784467
1296475485703217154,http://pbs.twimg.com/media/Ef4BlKNX0AESupR.jpg,0.94384765625,0.0082764984784467
1296475483119529985,http://pbs.twimg.com/media/Ef4BlEjXoAAjFup.jpg,0.0,0.0082764984784467
1296475481731215362,http://pbs.twimg.com/media/Ef4Bc_nXkAAZW02.png,0.95458984375,0.0082764984784467
1296475480783294464,http://pbs.twimg.com/media/Ef4BlDzXsAIX5TN.jpg,0.60986328125,0.0082764984784467
1296475480233844736,http://pbs.twimg.com/media/Ef4BlCjWkAEAnlp.jpg,0.7802734375,0.0082764984784467
1296475478761635841,http://pbs.twimg.com/media/Ef4Bk5UX0AYdqGI.jpg,0.0,0.0082764984784467
1296475473384550401,http://pbs.twimg.com/media/Ef4BkKZXoAk55MQ.png,0.0,0.0082764984784467
1296475469479641092,http://pbs.twimg.com/media/Ef4BkUoWAAIF7co.jpg,0.0,0.0082764984784467
1296475469408284680,http://pbs.twimg.com/media/Ef4Bj69WsAEuHxO.jpg,0.923828125,0.0082764984784467
1296475467885707264,http://pbs.twimg.com/media/Ef4BhuXWsAAEoXF.jpg,0.91259765625,0.0082764984784467
1296475466954608643,http://pbs.twimg.com/media/Ef4BOV_WAAEAk2h.png,0.0,0.0082764984784467
1296475463150374913,http://pbs.twimg.com/media/Ef4BkCaU8AAGC4d.jpg,0.85595703125,0.0082764984784467
1296475461015437314,http://pbs.twimg.com/media/Ef31Uu5WsAIb_Ge.jpg,0.8857421875,0.0082764984784467
1296475453843214336,http://pbs.twimg.com/media/Ef4BdXPXkAAQt-_.jpg,0.8359375,0.0082764984784467
1296475452761137153,http://pbs.twimg.com/media/Ef4BjTFUEAAQlfA.jpg,0.0,0.0082764984784467
1296475449128869890,http://pbs.twimg.com/media/Ef4ARuUXoAgtxUL.jpg,0.5205078125,0.0082764984784467
1296475447925104641,http://pbs.twimg.com/media/Ef4BjIIXsAAmh1_.jpg,0.92431640625,0.0082764984784467
1296475445706317836,http://pbs.twimg.com/media/Ef4Bg_3WoAAoRvl.jpg,0.9189453125,0.0082764984784467
1296475444859080707,http://pbs.twimg.com/media/Ef4Bi--X0AAWqAR.jpg,0.9384765625,0.0082764984784467
1296475442803769345,http://pbs.twimg.com/media/Ef4Bis1WsAAgBGi.jpg,0.0,0.0082764984784467
1296475440329166849,http://pbs.twimg.com/media/Ef4BiO2XYAAvV0y.jpg,0.25390625,0.0082764984784467
1296475433878388742,http://pbs.twimg.com/media/Ef4BiPcWsAAPTXv.jpg,0.87109375,0.0082764984784467
1296475433572196352,http://pbs.twimg.com/media/Ef4BiBpU0AAY7NF.png,0.0,0.0098119749655497
1296475431487639553,http://pbs.twimg.com/media/Ef4Bh23WsAAz5Ju.jpg,0.0,0.0098119749655497
1296475431323996161,http://pbs.twimg.com/media/Ef4Bh7wXsAMVV5m.jpg,0.0,0.0098119749655497
1296475431273672704,http://pbs.twimg.com/media/Ef4BiE3UwAAV81Z.jpg,0.919921875,0.0098119749655497
1296475431252774913,http://pbs.twimg.com/media/Ef4Bho5WkAURU3G.jpg,0.0,0.0098119749655497
1296475429675700228,http://pbs.twimg.com/media/Ef4BiDZWsAAK97p.jpg,0.0,0.0098119749655497
1296475429088432128,http://pbs.twimg.com/media/Ef4Bh2TUcAAoYh0.jpg,0.7763671875,0.0098119749655497
1296475423832977415,http://pbs.twimg.com/media/Ef4BhruWsAMwLdB.jpg,0.0,0.0098119749655497
1296475422297919488,http://pbs.twimg.com/media/Ef4Bhb2XsAkfoFS.png,0.0,0.0098119749655497
1296475418216796163,http://pbs.twimg.com/media/Ef39OcYUMAEVxMZ.jpg,0.0,0.0098119749655497
1296475416891404293,http://pbs.twimg.com/tweet_video_thumb/Ef4BbKaWoAA8bND.jpg,0.0,0.0098119749655497
1296475412227330050,http://pbs.twimg.com/media/Ef4BhEXWAAQmsxL.jpg,0.0,0.0098119749655497
1296475410524405763,http://pbs.twimg.com/media/Ef4BetyVAAE33JX.jpg,0.86181640625,0.0098119749655497
1296475404895760385,http://pbs.twimg.com/media/Ef4BgcuVoAEbos8.jpg,0.70947265625,0.0098119749655497
1296475402739777536,http://pbs.twimg.com/media/Ef4BelqVAAAw0Q9.jpg,0.86474609375,0.0098119749655497
1296475401477328898,http://pbs.twimg.com/media/Ef4BfJnWkAEFRRh.jpg,0.0,0.0098119749655497
1296475394095357953,http://pbs.twimg.com/tweet_video_thumb/Ef4Bc7zWkAAG-nS.jpg,0.5986328125,0.0098119749655497
1296475391176183815,http://pbs.twimg.com/tweet_video_thumb/Ef4BfWvWAAAXtf7.jpg,0.0,0.0098119749655497
1296475390131744776,http://pbs.twimg.com/media/Ef4BfxkWkAMc9LV.png,0.0,0.0098119749655497
1296475389431361537,http://pbs.twimg.com/media/Ef4BdvEXoAI8XaY.jpg,0.0,0.0098119749655497
1296475387371888642,http://pbs.twimg.com/media/Ef4Bef9UYAEHnd3.jpg,0.0,0.0098119749655497
1296475381629964290,http://pbs.twimg.com/media/Ef4BeaqUwAAsKge.jpg,0.0,0.0098119749655497
1296475378295463936,http://pbs.twimg.com/media/Ef3_KKhWoAAQx8U.jpg,0.9169921875,0.0098119749655497
1296475377754427394,http://pbs.twimg.com/media/Ef4BeVrU0AE58b3.jpg,0.0,0.0098119749655497
1296475374751223813,http://pbs.twimg.com/media/Ef4BedxXsAAKvmg.jpg,0.92138671875,0.0098119749655497
1296475372842868736,http://pbs.twimg.com/media/Ef4Bd97UwAESwXo.jpg,0.414794921875,0.0098119749655497
1296475367344082947,http://pbs.twimg.com/media/Ef4BeEpU0AEmTxf.png,0.0,0.0098119749655497
1296475364521398272,http://pbs.twimg.com/media/Ef4BduwUwAUi1W5.jpg,0.0,0.0098119749655497
1296475363061751808,http://pbs.twimg.com/media/Ef4BENXWAAQbXmX.jpg,0.0,0.0098119749655497
1296475353154715649,http://pbs.twimg.com/media/Ef4BdoaUYAEYpWo.jpg,0.66162109375,0.0093451993695149
1296475352240398337,http://pbs.twimg.com/media/Ef4BdlvVAAA0773.jpg,0.943359375,0.0093451993695149
1296475349182808064,http://pbs.twimg.com/media/Ef4Bc51U8AAJTZR.jpg,0.0,0.0093451993695149
1296475348130058243,http://pbs.twimg.com/media/Ef4BdWSVoAAiMU7.jpg,0.0,0.0093451993695149
1296475345651142659,http://pbs.twimg.com/media/Ef4BPLhWsAcMhHJ.jpg,0.94482421875,0.0093451993695149
1296475343616913408,http://pbs.twimg.com/media/Ef4BdFIUMAABV26.jpg,0.93310546875,0.0093451993695149
1296475343440744448,http://pbs.twimg.com/media/Ef4BdFVU0AIkkQD.jpg,0.6767578125,0.0093451993695149
1296475342358683653,http://pbs.twimg.com/media/Ef4Bc5OX0AA6AQc.jpg,0.9228515625,0.0093451993695149
1296475340991340544,http://pbs.twimg.com/media/Ef4Bc6wWoAACB8v.jpg,0.947265625,0.0093451993695149
1296475340655788034,http://pbs.twimg.com/media/Ef4Bc6KUEAAiuoK.jpg,0.0,0.0093451993695149
1296475340295020545,http://pbs.twimg.com/media/Ef4BcgGXYAAZWLT.jpg,0.5048828125,0.0093451993695149
1296475339959545858,http://pbs.twimg.com/media/Ef4Bc2MU8AAHcS7.jpg,0.0,0.0093451993695149
1296475338193735692,http://pbs.twimg.com/media/Ef4BcwXUEAAZ8AW.jpg,0.89404296875,0.0093451993695149
1296475336356646914,http://pbs.twimg.com/media/Ef4BcqPXgAMxwZT.jpg,0.81396484375,0.0093451993695149
1296475335786102786,http://pbs.twimg.com/media/Ef4BconU0AAPP8Q.jpg,0.81689453125,0.0093451993695149
1296475333483540485,http://pbs.twimg.com/media/Ef4BbndXsAMt-kJ.jpg,0.94677734375,0.0093451993695149
1296475327250694144,http://pbs.twimg.com/media/Ef4BZ8KUcAA7sxD.jpg,0.0,0.0093451993695149
1296475326667776000,http://pbs.twimg.com/media/Ef4BcGeU0AMb_NX.jpg,0.0,0.0093451993695149
1296475325333934081,http://pbs.twimg.com/media/Ef4BadbUYAAGI5Q.jpg,0.0,0.0093451993695149
1296475324419641358,http://pbs.twimg.com/media/Ef4Bbu8XgAAUyEu.jpg,0.5244140625,0.0093451993695149
1296475324226703361,http://pbs.twimg.com/media/Ef4BaSYXoAEzISW.jpg,0.0,0.0093451993695149
1296475322188279809,http://pbs.twimg.com/media/Ef4Bb0KWsAAEdIj.jpg,0.86181640625,0.0093451993695149
1296475316089688065,http://pbs.twimg.com/media/Ef4BZ6jX0AAY59F.jpg,0.88330078125,0.0093451993695149
1296475314386874371,http://pbs.twimg.com/media/Ef4BZ2pXkAIuB7X.jpg,0.92919921875,0.0093451993695149
1296475303745921024,http://pbs.twimg.com/media/Ef4BalNUEAAvs-l.jpg,0.9345703125,0.0093451993695149
1296475296179335170,http://pbs.twimg.com/media/Ef4BWAEXoAAAwc-.jpg,0.92138671875,0.0093451993695149
1296475293943767041,http://pbs.twimg.com/media/Ef4BZ1tWAAAdVhE.jpg,0.0,0.0093451993695149
1296475290227683328,http://pbs.twimg.com/media/Ef4BZdrXkAAZJxT.jpg,0.93017578125,0.0153247474692761
1296475289741131776,http://pbs.twimg.com/media/Ef4BZ3TX0AIpQm4.jpg,0.0,0.0153247474692761
1296475289556594692,http://pbs.twimg.com/media/Ef4BPW5XoAAtuef.jpg,0.79833984375,0.0153247474692761
1296475278479446016,http://pbs.twimg.com/media/Ef4BCs0WoAE25G7.jpg,0.4921875,0.0153247474692761
1296475276801712130,http://pbs.twimg.com/media/Ef3__jVWkAIgSfC.png,0.0,0.0153247474692761
1296475275635699712,http://pbs.twimg.com/media/Ef39XEDWAAIzU0C.png,0.0,0.0153247474692761
1296475274805207042,http://pbs.twimg.com/media/Ef4BY4-XsAE_0g8.jpg,0.93212890625,0.0153247474692761
1296475271365898240,http://pbs.twimg.com/media/Ef4BWAPWAAIX2oJ.jpg,0.935546875,0.0153247474692761
1296475269411287040,http://pbs.twimg.com/media/Ef4BXo0WAAE6ZV-.jpg,0.93212890625,0.0153247474692761
1296475263572873216,http://pbs.twimg.com/media/Ef4AmtOXoAI5wkt.jpg,0.853515625,0.0153247474692761
1296475261203087361,http://pbs.twimg.com/media/Ef3_bUoX0AY0u4D.jpg,0.6103515625,0.0153247474692761
1296475258787188738,http://pbs.twimg.com/tweet_video_thumb/Ef4BX4DX0AI8hHL.jpg,0.339111328125,0.0153247474692761
1296475258522947584,http://pbs.twimg.com/media/Ef4BWjjUcAAjPAn.jpg,0.0,0.0153247474692761
1296475255016435712,http://pbs.twimg.com/media/Ef4BXnuXYAI0TR2.png,0.0,0.0153247474692761
1296475245415665667,http://pbs.twimg.com/media/Ef36sNYXYAAIBWQ.jpg,0.8955078125,0.0153247474692761
1296475237538725888,http://pbs.twimg.com/media/Ef4BW0tXgAMm2jQ.jpg,0.81298828125,0.0153247474692761
1296475233331884034,http://pbs.twimg.com/media/Ef4BWYyXsAMeE3i.jpg,0.93505859375,0.0153247474692761
1296475233130553347,http://pbs.twimg.com/media/Ef4BSuVU0AITdVg.jpg,0.0,0.0153247474692761
1296475228969873410,http://pbs.twimg.com/media/Ef4BWAJXsAIzxkf.jpg,0.8017578125,0.0153247474692761
1296475216349138946,http://pbs.twimg.com/tweet_video_thumb/Ef4BTCBXoAA16xM.jpg,0.0,0.0153247474692761
1296475214407241728,http://pbs.twimg.com/media/Ef4BUOXXYAEq3lz.jpg,0.91748046875,0.0153247474692761
1296475214373675015,http://pbs.twimg.com/media/Ef4BLCVWAAIFqCP.jpg,0.0,0.0153247474692761
1296475211999645699,http://pbs.twimg.com/tweet_video_thumb/Ef4BVC3XkAQ_8Hk.jpg,0.0,0.0153247474692761
1296475210921713665,http://pbs.twimg.com/media/Ef4BSjoVoAEf88_.jpg,0.95263671875,0.0153247474692761
1296475207696359425,http://pbs.twimg.com/media/Ef4BVMNXsAEVeFK.jpg,0.0,0.0153247474692761
1296475205850857472,http://pbs.twimg.com/media/Ef4BVEaVAAALJuG.jpg,0.94482421875,0.0153247474692761
1296475204751970304,http://pbs.twimg.com/media/Ef4BLOAWsAUjc2Q.jpg,0.0,0.0153247474692761
1296475204273811463,http://pbs.twimg.com/tweet_video_thumb/Ef4BUPNXgAUexaS.jpg,0.5078125,0.0153247474692761
1296475202726113286,http://pbs.twimg.com/media/Ef4A0ojWAAUa-0j.jpg,0.84130859375,0.0153247474692761
1296475202109480960,http://pbs.twimg.com/media/Ef4BU2ZWAAM_QgX.jpg,0.0,0.0153247474692761
1296475198213021696,http://pbs.twimg.com/media/Ef4BUp_XkAA3Zq5.jpg,0.935546875,0.0075440649015945
1296475197365784583,http://pbs.twimg.com/media/Ef4AyUmXkAA4tqY.jpg,0.0,0.0075440649015945
1296475194614329345,http://pbs.twimg.com/media/Ef4BUNjWAAQnn2X.jpg,0.89794921875,0.0075440649015945
1296475194509451264,http://pbs.twimg.com/media/Ef4BTYSXoAEOAKn.jpg,0.91943359375,0.0075440649015945
1296475190080294917,http://pbs.twimg.com/media/Ef4BUAjXYAI8Ecb.jpg,0.9365234375,0.0075440649015945
1296475188801011715,http://pbs.twimg.com/tweet_video_thumb/Ef4BToDXgAEAEn4.jpg,0.615234375,0.0075440649015945
1296475187957899268,http://pbs.twimg.com/media/Ef4BO-AXkAAqxy6.jpg,0.9423828125,0.0075440649015945
1296475187102257155,http://pbs.twimg.com/media/Ef4BToIXsAEzOqp.jpg,0.9267578125,0.0075440649015945
1296475182132088832,http://pbs.twimg.com/media/Ef4BTp6XoAAkamu.jpg,0.89794921875,0.0075440649015945
1296475180215271425,http://pbs.twimg.com/media/Ef4BTm3WkAE2vec.jpg,0.92138671875,0.0075440649015945
1296475179988791297,http://pbs.twimg.com/media/Ef4A4yZXYAIFPUH.jpg,0.943359375,0.0075440649015945
1296475179447660547,http://pbs.twimg.com/media/Ef4BTWGU4AAajcR.jpg,0.0,0.0075440649015945
1296475179070246913,http://pbs.twimg.com/media/Ef4BTd0WAAIBVV0.jpg,0.93701171875,0.0075440649015945
1296475178944397314,http://pbs.twimg.com/media/Ef4BB-qWkAAU5yC.jpg,0.9423828125,0.0075440649015945
1296475178159964163,http://pbs.twimg.com/media/Ef4BTAYXoAEJX11.jpg,0.0,0.0075440649015945
1296475174280278017,http://pbs.twimg.com/media/Ef4Al1gXsAAR9aM.jpg,0.0,0.0075440649015945
1296475171889577987,http://pbs.twimg.com/media/Ef4A78OUcAAZWhr.jpg,0.0,0.0075440649015945
1296475170845097988,http://pbs.twimg.com/media/Ef4BSvaWoAA7UiN.jpg,0.85546875,0.0075440649015945
1296475167842066432,http://pbs.twimg.com/media/Ef4A5W0XoAsoQef.jpg,0.0,0.0075440649015945
1296475166281695234,http://pbs.twimg.com/media/Ef4BSx2VAAIDXiJ.jpg,0.0,0.0075440649015945
1296475162716655622,http://pbs.twimg.com/media/Ef4BSJUXkAEWoJL.jpg,0.83056640625,0.0075440649015945
1296475159986085891,http://pbs.twimg.com/media/Ef4BFciWoAM1jK6.jpg,0.92529296875,0.0075440649015945
1296475159759663104,http://pbs.twimg.com/media/Ef4BQ5QUMAE5pnG.png,0.0,0.0075440649015945
1296475156316069888,http://pbs.twimg.com/media/Ef4BG-3WAAAF2xg.jpg,0.81494140625,0.0075440649015945
1296475155473010691,http://pbs.twimg.com/media/Ef4BSB9WAAAUZ3f.jpg,0.0,0.0075440649015945
1296475155355652107,http://pbs.twimg.com/media/Ef4A_UAUMAEOhzR.png,0.0,0.0075440649015945
1296475153661145088,http://pbs.twimg.com/media/Ef4BSDTWoAII3tJ.jpg,0.0,0.0075440649015945
1296475152465694721,http://pbs.twimg.com/media/Ef4BR7SWoAYxyaB.jpg,0.0,0.0075440649015945
1296475139001942018,http://pbs.twimg.com/media/Ef4BKE8WkAQ9V7V.jpg,0.8203125,0.0075440649015945
1296475136988676096,http://pbs.twimg.com/media/Ef4BRE6WsAI8uMt.jpg,0.92724609375,0.0075440649015945
1296475134828707840,http://pbs.twimg.com/media/Ef4BQobVAAEszVP.jpg,0.92822265625,0.0075440649015945
1296475133750784001,http://pbs.twimg.com/media/Ef4BMnIWoAAfLJQ.jpg,0.9140625,0.0075440649015945
1296475133465505792,http://pbs.twimg.com/media/Ef4BQz-XkAALRI7.jpg,0.88427734375,0.0102206221316009
1296475133083885569,http://pbs.twimg.com/media/Ef4BPYsXkAAnplg.jpg,0.0,0.0102206221316009
1296475129736822788,http://pbs.twimg.com/media/Ef4BNevVAAED0_8.jpg,0.8818359375,0.0102206221316009
1296475127266320386,http://pbs.twimg.com/media/Ef4BPafXYAAzo2r.png,0.78125,0.0102206221316009
1296475126704349184,http://pbs.twimg.com/media/Ef4BO3vXoAEc-ER.jpg,0.0,0.0102206221316009
1296475121490722816,http://pbs.twimg.com/tweet_video_thumb/Ef4BPmQWsAAPJhe.jpg,0.8505859375,0.0102206221316009
1296475118898745348,http://pbs.twimg.com/media/Ef4BP8oWkAc_SJv.jpg,0.0,0.0102206221316009
1296475117107777536,http://pbs.twimg.com/media/Ef4BNH-WoAEQJHa.png,0.0,0.0102206221316009
1296475116583424004,http://pbs.twimg.com/media/Ef4BPlSWkAMGA4h.png,0.8544921875,0.0102206221316009
1296475114540761091,http://pbs.twimg.com/media/Ef4BPvIXsAUTQ55.jpg,0.0,0.0102206221316009
1296475113450340353,http://pbs.twimg.com/media/Ef4BPHAXYAA0PS3.jpg,0.0,0.0102206221316009
1296475112674406401,http://pbs.twimg.com/media/Ef4BEafUMAAU4Yp.jpg,0.8134765625,0.0102206221316009
1296475111957106691,http://pbs.twimg.com/media/Ef4BMfQWsAA7WX0.jpg,0.8837890625,0.0102206221316009
1296475107255365636,http://pbs.twimg.com/media/Ef4BCJEXkAICfgt.jpg,0.90087890625,0.0102206221316009
1296475104973594626,http://pbs.twimg.com/media/Ef4BO5zX0AAmELe.jpg,0.35205078125,0.0102206221316009
1296475103233024000,http://pbs.twimg.com/media/Ef4BPDAXYAAbm4J.jpg,0.0,0.0102206221316009
1296475100141805572,http://pbs.twimg.com/media/Ef4BO55U0AAP3Kl.jpg,0.927734375,0.0102206221316009
1296475100112355329,http://pbs.twimg.com/media/Ef4BO3uWAAAuJOK.jpg,0.826171875,0.0102206221316009
1296475099269402625,http://pbs.twimg.com/media/Ef4BOR7WsAYRRRL.jpg,0.8095703125,0.0102206221316009
1296475099189608449,http://pbs.twimg.com/media/Ef4BODLX0AE26xX.jpg,0.87939453125,0.0102206221316009
1296475098426355714,http://pbs.twimg.com/media/Ef4BOjgX0AI_n-4.jpg,0.9365234375,0.0102206221316009
1296475097319067650,http://pbs.twimg.com/media/Ef4BOtmU4AE3Nhg.jpg,0.0,0.0102206221316009
1296475094726959104,http://pbs.twimg.com/media/Ef4BOmqXgAAQ5--.jpg,0.0,0.0102206221316009
1296475093711949825,http://pbs.twimg.com/media/Ef4BOiKU8AYk0Ca.jpg,0.953125,0.0102206221316009
1296475091736428545,http://pbs.twimg.com/media/Ef4BObSVoAExIp4.jpg,0.9072265625,0.0102206221316009
1296475091166011401,http://pbs.twimg.com/media/Ef4BOYEVoAAF7e3.jpg,0.9248046875,0.0102206221316009
1296475090742280194,http://pbs.twimg.com/media/Ef4BORmXoAc0E4Z.jpg,0.82177734375,0.0102206221316009
1296475090570420233,http://pbs.twimg.com/media/Ef4BOUhWoAIxgRf.jpg,0.81982421875,0.0102206221316009
1296475088800428032,http://pbs.twimg.com/media/Ef4BEyRXgAUy-7O.jpg,0.0,0.0102206221316009
1296475085734400001,http://pbs.twimg.com/media/Ef4BN1JUMAAzNaV.jpg,0.92333984375,0.0102206221316009
1296475083347828736,http://pbs.twimg.com/media/Ef4BN8qXsAEwMSw.jpg,0.9443359375,0.0084878059957797
1296475083251355649,http://pbs.twimg.com/media/Ef4BN8gXkAM0JDz.png,0.0,0.0084878059957797
1296475082643124224,http://pbs.twimg.com/media/Ef4BNr1X0AAHKtR.jpg,0.0,0.0084878059957797
1296475079522562049,http://pbs.twimg.com/media/Ef4BNTtWAAQrSGm.jpg,0.0,0.0084878059957797
1296475078042046466,http://pbs.twimg.com/media/Ef4BNoFXsAAXrt4.jpg,0.0,0.0084878059957797
1296475076515082240,http://pbs.twimg.com/media/Ef2utFwXYAAnuDe.jpg,0.65576171875,0.0084878059957797
1296475066042114049,http://pbs.twimg.com/media/Ef4BMh5XsAcgW7Q.jpg,0.0,0.0084878059957797
1296475064389468163,http://pbs.twimg.com/media/Ef4BMwIXsAAyG9g.jpg,0.96142578125,0.0084878059957797
1296475059641556992,http://pbs.twimg.com/media/Ef4BIrlXoAEk1ak.jpg,0.80810546875,0.0084878059957797
1296475058379137024,http://pbs.twimg.com/media/Ef4BDl6XoAka5O5.jpg,0.0,0.0084878059957797
1296475051605340163,http://pbs.twimg.com/media/Ef4BKLRXgAgoiEk.jpg,0.0,0.0084878059957797
1296475048509943808,http://pbs.twimg.com/media/Ef4BL4_XkAAI84k.jpg,0.0,0.0084878059957797
1296475047658389504,http://pbs.twimg.com/media/Ef4BL2lU0AA7LPJ.jpg,0.0,0.0084878059957797
1296475046932893696,http://pbs.twimg.com/media/Ef4A-_ZUwAIZBI1.jpg,0.64501953125,0.0084878059957797
1296475044172963840,http://pbs.twimg.com/media/Ef4BLqGWAAMOVuJ.png,0.0,0.0084878059957797
1296475038477094913,http://pbs.twimg.com/media/Ef4BLSiXkAM4NuR.jpg,0.0,0.0084878059957797
1296475037676056578,http://pbs.twimg.com/media/Ef4BKXqXsAgfamj.jpg,0.7685546875,0.0084878059957797
1296475036279242757,http://pbs.twimg.com/media/Ef4BLBVUEAATYwN.jpg,0.0,0.0084878059957797
1296475035604078592,http://pbs.twimg.com/media/Ef3_wbmWoAI-EAy.jpg,0.0,0.0084878059957797
1296475032764534789,http://pbs.twimg.com/media/Ef4BKI9UYAE1_9C.png,0.0,0.0084878059957797
1296475032412200960,http://pbs.twimg.com/media/Ef4BK1lWoAATEpI.jpg,0.416259765625,0.0084878059957797
1296475029010558976,http://pbs.twimg.com/media/Ef4BKvXVAAAxMk_.jpg,0.85546875,0.0084878059957797
1296475026661810177,http://pbs.twimg.com/media/Ef4BKABUYAIhfd_.jpg,0.0,0.0084878059957797
1296475024694620160,http://pbs.twimg.com/media/Ef4BKIzXkAIbalB.jpg,0.0,0.0084878059957797
1296475019640557568,http://pbs.twimg.com/media/Ef4BKFBU4AEP1hP.jpg,0.0,0.0084878059957797
1296475017794945025,http://pbs.twimg.com/media/Ef4A4ktXYAEkTAy.jpg,0.87841796875,0.0084878059957797
1296475016624844803,http://pbs.twimg.com/media/Ef4BKA_X0AM5jBf.jpg,0.9189453125,0.0084878059957797
1296475015286751241,http://pbs.twimg.com/media/Ef4BJyLXYAApGJK.jpg,0.6025390625,0.0084878059957797
1296475006852112385,http://pbs.twimg.com/media/Ef4BFPbXYAYQBYf.png,0.9619140625,0.0084878059957797
1296475006713692160,http://pbs.twimg.com/media/Ef4BH78XYAIEFAA.jpg,0.0,0.0084878059957797
1296475005417660419,http://pbs.twimg.com/media/Ef4BJQ6WsAAhO0k.jpg,0.0,0.0098129608495919
1296474998861975564,http://pbs.twimg.com/media/Ef4BJA_UwAEcU6N.png,0.0,0.0098129608495919
1296474997939216385,http://pbs.twimg.com/media/Ef4BIoEX0AEfRad.jpg,0.93212890625,0.0098129608495919
1296474997700075520,http://pbs.twimg.com/media/Ef4BIyQXYAA7vfP.jpg,0.0,0.0098129608495919
1296474997393940480,http://pbs.twimg.com/media/Ef4BIY3XoAc1Wq0.jpg,0.7353515625,0.0098129608495919
1296474996437639170,http://pbs.twimg.com/media/Ef4BIk9WoAEA3Dk.jpg,0.0,0.0098129608495919
1296474995846197259,http://pbs.twimg.com/media/Ef4BIrBX0AAA6Z3.jpg,0.912109375,0.0098129608495919
1296474994525052928,http://pbs.twimg.com/media/Ef4BHxiX0AEJTH2.jpg,0.916015625,0.0098129608495919
1296474990062243841,http://pbs.twimg.com/media/Ef4BHCdWoAAYKxu.jpg,0.91357421875,0.0098129608495919
1296474989416386561,http://pbs.twimg.com/media/Ef4BINpXoAEOHv-.jpg,0.83056640625,0.0098129608495919
1296474971112378368,http://pbs.twimg.com/media/Ef4BHK2XoAIKVsX.jpg,0.92578125,0.0098129608495919
1296474968881090566,http://pbs.twimg.com/media/Ef4ANCxUMAE7QLp.png,0.0,0.0098129608495919
1296474968327430145,http://pbs.twimg.com/media/Ef4BG3GU0AIRiau.jpg,0.89013671875,0.0098129608495919
1296474965072646144,http://pbs.twimg.com/media/Ef4Ayp-XoAE8GE0.jpg,0.0,0.0098129608495919
1296474963923349507,http://pbs.twimg.com/media/Ef4BG-zVoAY-Xqf.jpg,0.0,0.0098129608495919
1296474963155849217,http://pbs.twimg.com/media/Ef4BG8WUwAEl7C3.jpg,0.66015625,0.0098129608495919
1296474962585358339,http://pbs.twimg.com/media/Ef4BFLVWAAIJM1P.jpg,0.81884765625,0.0098129608495919
1296474959972306945,http://pbs.twimg.com/media/Ef4BGn5XsAAXAcV.jpg,0.90869140625,0.0098129608495919
1296474956780441605,http://pbs.twimg.com/media/Ef4BGeVUwAEvjaO.jpg,0.364990234375,0.0098129608495919
1296474951936102401,http://pbs.twimg.com/media/Ef4AnWRWoAEH3pR.jpg,0.5859375,0.0098129608495919
1296474950157697025,http://pbs.twimg.com/media/Ef4BGGSXoAEj8r-.jpg,0.83740234375,0.0098129608495919
1296474948291239937,http://pbs.twimg.com/media/Ef4BFxNU4AcFXQw.jpg,0.93212890625,0.0098129608495919
1296474946538033152,http://pbs.twimg.com/media/Ef4BF_ZX0AI54Dx.jpg,0.94140625,0.0098129608495919
1296474940783427584,http://pbs.twimg.com/media/Ef4BE9QX0AAX-FH.jpg,0.0,0.0098129608495919
1296474933934071815,http://pbs.twimg.com/media/Ef4A3fnWAAAvm_j.jpg,0.6259765625,0.0098129608495919
1296474933703442437,http://pbs.twimg.com/media/Ef4BFJJX0AEaIIz.jpg,0.81201171875,0.0098129608495919
1296474930415108102,http://pbs.twimg.com/media/Ef3_9PuXYAAXSRU.jpg,0.0,0.0098129608495919
1296474913482645507,http://pbs.twimg.com/media/Ef4A-heWkAEty3T.jpg,0.822265625,0.0101263775257393
1296474907879014407,http://pbs.twimg.com/media/Ef4BDUiWkAA-2Jt.png,0.0,0.0101263775257393
1296474906738253833,http://pbs.twimg.com/media/Ef4BDSsXoAIO-Gg.jpg,0.0,0.0101263775257393
1296474905077321730,http://pbs.twimg.com/media/Ef3_d4RXsAYArIx.jpg,0.638671875,0.0101263775257393
1296474896999079936,http://pbs.twimg.com/media/Ef4A3RpWkAIjxv5.jpg,0.0,0.0101263775257393
1296474895665238017,http://pbs.twimg.com/media/Ef4BCVRXsAEkZKX.jpg,0.7060546875,0.0101263775257393
1296474894734163969,http://pbs.twimg.com/media/Ef4AQuuVoAcP3d_.jpg,0.92333984375,0.0101263775257393
1296474888425877506,http://pbs.twimg.com/media/Ef4BCmGXgAAUtoG.jpg,0.0,0.0101263775257393
1296474888367157249,http://pbs.twimg.com/media/Ef4A9tiWsAAMf1Z.jpg,0.0,0.0101263775257393
1296474881358520322,http://pbs.twimg.com/media/Ef4BBMzXkAIFfFJ.jpg,0.0,0.0101263775257393
1296474876874719232,http://pbs.twimg.com/media/Ef4BB6mXsAUogDa.jpg,0.0,0.0101263775257393
1296474874374950917,http://pbs.twimg.com/media/Ef4A-AyXoAUb2_A.jpg,0.8974609375,0.0101263775257393
1296474869035671558,http://pbs.twimg.com/media/Ef4BBPxX0Ace8cJ.jpg,0.853515625,0.0101263775257393
1296474868112908295,http://pbs.twimg.com/media/Ef4BBYNWkAENKtL.jpg,0.72509765625,0.0101263775257393
1296474867785764865,http://pbs.twimg.com/media/Ef4BBVuXkAINjqg.jpg,0.0,0.0101263775257393
1296474867374665734,http://pbs.twimg.com/media/Ef4BBXKWsAEnFPq.jpg,0.53466796875,0.0101263775257393
1296474867194384387,http://pbs.twimg.com/tweet_video_thumb/Ef4BATnX0AACH9O.jpg,0.437744140625,0.0101263775257393
1296474863864107008,http://pbs.twimg.com/media/Ef4BA_BWAAMJ24B.jpg,0.0,0.0101263775257393
1296474863847329794,http://pbs.twimg.com/media/Ef4BAxhWsAAgsgf.jpg,0.0,0.0101263775257393
1296474863503396868,http://pbs.twimg.com/media/Ef3wzgKUMAATe-F.jpg,0.0,0.0101263775257393
1296474857308327938,http://pbs.twimg.com/media/Ef4BASYU8AAEGuc.jpg,0.94384765625,0.0101263775257393
1296474856821862401,http://pbs.twimg.com/media/Ef4BApbX0AETU5T.jpg,0.8671875,0.0101263775257393
1296474854540087297,http://pbs.twimg.com/media/Ef4A_7PUYAEH5Jn.jpg,0.921875,0.0101263775257393
1296474853856481281,http://pbs.twimg.com/media/Ef4BAldWsAATlcf.jpg,0.7900390625,0.0101263775257393
1296474851285381122,http://pbs.twimg.com/media/Ef4A_IGUMAAbBgu.jpg,0.9306640625,0.0101263775257393
1296474850035412992,http://pbs.twimg.com/media/Ef4BATNUEAESJlC.jpg,0.287841796875,0.0101263775257393
1296474844989726723,http://pbs.twimg.com/media/Ef4Anp8XsAILzGT.jpg,0.66259765625,0.0101263775257393
1296474839998435328,http://pbs.twimg.com/media/Ef4A_wWXoAYueq8.jpg,0.90966796875,0.0101263775257393
1296474838861852673,http://pbs.twimg.com/media/Ef4A_rvWsAA4Udd.jpg,0.85546875,0.0101263775257393
1296474838685691905,http://pbs.twimg.com/media/Ef4A_hOUMAAgjWl.jpg,0.90869140625,0.0101263775257393
1296474838505336832,http://pbs.twimg.com/media/Ef4A_mWXgAIPna6.jpg,0.0,0.0080259609036147
1296474835426709507,http://pbs.twimg.com/media/Ef4Ae03WkAUCnoK.jpg,0.0,0.0080259609036147
1296474833182773249,http://pbs.twimg.com/media/Ef4A_ErXYAYRwKc.jpg,0.81103515625,0.0080259609036147
1296474831660212227,http://pbs.twimg.com/media/Ef4A6LwXgAE5VA5.jpg,0.9384765625,0.0080259609036147
1296474828673896448,http://pbs.twimg.com/media/Ef4AB7wXoAEZV39.jpg,0.93310546875,0.0080259609036147
1296474825498734593,http://pbs.twimg.com/media/Ef4A6vzX0AIwIHx.jpg,0.9267578125,0.0080259609036147
1296474825301667841,http://pbs.twimg.com/media/Ef4A-2yWsAA7NIl.jpg,0.0,0.0080259609036147
1296474824810745856,http://pbs.twimg.com/media/EehpYLUWAAELInq.jpg,0.0,0.0080259609036147
1296474824806748161,http://pbs.twimg.com/media/Ef39b3PUwAEy6C6.jpg,0.0,0.0080259609036147
1296474824735424515,http://pbs.twimg.com/media/Ef37DbCXoAUtEwU.jpg,0.92529296875,0.0080259609036147
1296474824370532352,http://pbs.twimg.com/media/Ef4A8TRXkAAh1-H.jpg,0.8232421875,0.0080259609036147
1296474824215273476,http://pbs.twimg.com/media/Ef4A-26XYAI8EB8.jpg,0.921875,0.0080259609036147
1296474824164999168,http://pbs.twimg.com/media/Ef4A83RWAAAAeIZ.jpg,0.8974609375,0.0080259609036147
1296474824135630850,http://pbs.twimg.com/media/Ef4A-KTWkAMq-qm.jpg,0.75,0.0080259609036147
1296474822659252226,http://pbs.twimg.com/media/Ef4A-J0WAAcv3Lg.jpg,0.93896484375,0.0080259609036147
1296474820486537217,http://pbs.twimg.com/media/Ef4A-JSXgAENjMA.jpg,0.91064453125,0.0080259609036147
1296474814794862597,http://pbs.twimg.com/media/Ef4A-OiU0AAW2bP.jpg,0.0,0.0080259609036147
1296474809430310912,http://pbs.twimg.com/media/Ef4A9udWAAEVIZz.jpg,0.0,0.0080259609036147
1296474802400759808,http://pbs.twimg.com/media/Ef4Au6sXYAIgpyF.jpg,0.9208984375,0.0080259609036147
1296474795039698950,http://pbs.twimg.com/media/Ef4A75gVAAI9FnJ.png,0.0,0.0080259609036147
1296474792988737536,http://pbs.twimg.com/media/Ef4A8G4X0AAy3eU.jpg,0.9404296875,0.0080259609036147
1296474791420088321,http://pbs.twimg.com/media/Ef4A8b4U0AAIASj.jpg,0.0,0.0080259609036147
1296474784252014592,http://pbs.twimg.com/media/Ef4AudmXgAAcQ0d.jpg,0.95458984375,0.0080259609036147
1296474783811547141,http://pbs.twimg.com/media/Ef4A8a9XsA0AGfF.jpg,0.0,0.0080259609036147
1296474782473629696,http://pbs.twimg.com/media/Ef4A8W3WkAI28Th.jpg,0.0,0.0080259609036147
1296474781089398784,http://pbs.twimg.com/media/Ef4A8TZX0AY1llz.jpg,0.483642578125,0.0080259609036147
1296474780737114115,http://pbs.twimg.com/media/Ef4A703XYAckjxP.jpg,0.87548828125,0.0080259609036147
1296474779470495745,http://pbs.twimg.com/tweet_video_thumb/Ef4A8BzU8AAiTjU.jpg,0.59912109375,0.0080259609036147
1296474778644230145,http://pbs.twimg.com/media/Ef4A5m7WoAELkYF.jpg,0.0,0.0080259609036147
1296474777150984193,http://pbs.twimg.com/media/Ef4A8DLXoAMXS7M.jpg,0.0,0.0080259609036147
1296474775213215746,http://pbs.twimg.com/media/Ef4A7_4XgAUdItP.jpg,0.0,0.0080058199043075
1296474774420545541,http://pbs.twimg.com/media/Ef4A73FXYAoje_h.jpg,0.0,0.0080058199043075
1296474774097534983,http://pbs.twimg.com/media/Ef4A7guWAAUN_nR.jpg,0.95166015625,0.0080058199043075
1296474771882901504,http://pbs.twimg.com/media/Ef4A4DtWkAEBCHK.jpg,0.92919921875,0.0080058199043075
1296474769735536652,http://pbs.twimg.com/media/Ef4A7LxWsAAEKaC.jpg,0.91845703125,0.0080058199043075
1296474767218946048,http://pbs.twimg.com/media/Ef4A69YUYAE562t.jpg,0.0,0.0080058199043075
1296474765092425728,http://pbs.twimg.com/media/Ef4A7NPUMAEgUm9.jpg,0.951171875,0.0080058199043075
1296474763737669635,http://pbs.twimg.com/media/Ef4A7VKX0AEJpxd.jpg,0.0,0.0080058199043075
1296474762986881024,http://pbs.twimg.com/media/Ef4Ap_6X0AMkXqn.jpg,0.0,0.0080058199043075
1296474760289943554,http://pbs.twimg.com/media/Ef4A7JfXYAopkxp.jpg,0.83056640625,0.0080058199043075
1296474758838714369,http://pbs.twimg.com/media/Ef4A62ZVoAAR-4e.jpg,0.0,0.0080058199043075
1296474754967314432,http://pbs.twimg.com/media/Ef4AyM1XkAEiRsG.jpg,0.0,0.0080058199043075
1296474754472443904,http://pbs.twimg.com/media/Ef4A4nNWoAItsqK.jpg,0.8671875,0.0080058199043075
1296474753918808064,http://pbs.twimg.com/media/Ef4ATugWoAIJ2ei.jpg,0.95263671875,0.0080058199043075
1296474753901957121,http://pbs.twimg.com/media/Ef4A5OFX0AEK2qX.jpg,0.93798828125,0.0080058199043075
1296474752496934913,http://pbs.twimg.com/media/Ef4A2Y6XoAMTc4x.jpg,0.85693359375,0.0080058199043075
1296474747170103296,http://pbs.twimg.com/media/Ef4A6O2XkAAqye_.jpg,0.0,0.0080058199043075
1296474743953072135,http://pbs.twimg.com/media/Ef4A6E6XkAIP8ui.jpg,0.8134765625,0.0080058199043075
1296474742585724928,http://pbs.twimg.com/media/Ef4AkncXsAEoDaU.jpg,0.94921875,0.0080058199043075
1296474741868507136,http://pbs.twimg.com/media/Ef4A6FPXsAEju8Q.jpg,0.0,0.0080058199043075
1296474737980461059,http://pbs.twimg.com/media/Ef3_okcXoAIbt58.jpg,0.61181640625,0.0080058199043075
1296474737196113920,http://pbs.twimg.com/media/Ef34FvkUEAEAk2Y.jpg,0.0,0.0080058199043075
1296474736655048707,http://pbs.twimg.com/media/Ef4A5tmXsAkSA8X.jpg,0.78173828125,0.0080058199043075
1296474735245774855,http://pbs.twimg.com/media/Ef4A5UrXkAI-2hl.jpg,0.8974609375,0.0080058199043075
1296474732183851009,http://pbs.twimg.com/media/Ef4A5dOXoAAjSB-.jpg,0.432373046875,0.0080058199043075
1296474731714052101,http://pbs.twimg.com/media/Ef4A5djXsAAGbeD.jpg,0.0,0.0080058199043075
1296474723812024320,http://pbs.twimg.com/media/Ef4A4gDXkAEaylE.jpg,0.79833984375,0.0080058199043075
1296474716362936322,http://pbs.twimg.com/media/Ef4A4jxUwAIvWHy.jpg,0.0,0.0080058199043075
1296474714391621632,http://pbs.twimg.com/media/Ef4A4cAVAAcvKkq.jpg,0.61083984375,0.0080058199043075
1296474714018373637,http://pbs.twimg.com/tweet_video_thumb/Ef4A4Q3UEAA2XV4.jpg,0.0,0.0080058199043075
1296474713783439360,http://pbs.twimg.com/media/Ef4A4bWUcAAtCAE.jpg,0.0,0.0080860998215419
1296474713091461121,http://pbs.twimg.com/media/Ef4A4YmUYAE1zyx.jpg,0.0,0.0080860998215419
1296474712747454467,http://pbs.twimg.com/media/Ef4A4W4VAAADCMG.jpg,0.6220703125,0.0080860998215419
1296474712571338755,http://pbs.twimg.com/media/Ef4A4WrVAAAOw7l.jpg,0.0,0.0080860998215419
1296474712491646976,http://pbs.twimg.com/media/Ef4A4WyU4AAfr9_.jpg,0.8916015625,0.0080860998215419
1296474712420290563,http://pbs.twimg.com/media/Ef4A4V2UEAEbjBG.jpg,0.67138671875,0.0080860998215419
1296474706477023235,http://pbs.twimg.com/media/Ef4A3i9WsAIcDnE.jpg,0.0,0.0080860998215419
1296474706221174784,http://pbs.twimg.com/media/Ef4AiTHXYAEFw2S.jpg,0.9501953125,0.0080860998215419
1296474704472150017,http://pbs.twimg.com/media/Ef4AqoNWkAAaHXR.jpg,0.736328125,0.0080860998215419
1296474703989821441,http://pbs.twimg.com/media/Ef4A3j0XYAI16QW.jpg,0.0,0.0080860998215419
1296474703452938242,http://pbs.twimg.com/media/Ef4AyvMWkAAxPvg.jpg,0.0,0.0080860998215419
1296474703314530305,http://pbs.twimg.com/media/Ef4AvrmXYAEKzmL.jpg,0.6181640625,0.0080860998215419
1296474701083049986,http://pbs.twimg.com/media/Ef4AxLQX0AAS081.jpg,0.90966796875,0.0080860998215419
1296474699497603078,http://pbs.twimg.com/media/Ef4A3msWoAEbx4J.jpg,0.8837890625,0.0080860998215419
1296474694649085954,http://pbs.twimg.com/media/Ef4A2fNXYAImByb.jpg,0.0,0.0080860998215419
1296474693298511873,http://pbs.twimg.com/media/Ef4A3PWXoAY4cbC.jpg,0.0,0.0080860998215419
1296474690106646529,http://pbs.twimg.com/media/Ef4A2RHXYAENIPa.jpg,0.468994140625,0.0080860998215419
1296474687661367303,http://pbs.twimg.com/media/Ef4A24rUwAAoYEr.jpg,0.8173828125,0.0080860998215419
1296474687405469696,http://pbs.twimg.com/media/Ef4A2zDXsAApknA.jpg,0.81640625,0.0080860998215419
1296474686272999424,http://pbs.twimg.com/media/Ef4A2wfWsAIDIcX.png,0.0,0.0080860998215419
1296474686268866561,http://pbs.twimg.com/media/Ef4A2djXoAA63ay.jpg,0.88818359375,0.0080860998215419
1296474679016935424,http://pbs.twimg.com/media/Ef33PIJWoAIdhyx.jpg,0.0,0.0080860998215419
1296474667985899522,http://pbs.twimg.com/media/Ef4A1hOWAAArR0B.jpg,0.0,0.0080860998215419
1296474662935957509,http://pbs.twimg.com/media/Ef4AfcvUEAAmlSJ.jpg,0.69921875,0.0080860998215419
1296474659307782145,http://pbs.twimg.com/media/Ef4A1QEWsAM0Obm.jpg,0.0,0.0080860998215419
1296474658452189188,http://pbs.twimg.com/tweet_video_thumb/Ef4A00dWAAseY1Y.jpg,0.59423828125,0.0080860998215419
1296474657202331654,http://pbs.twimg.com/media/Ef4A1FqX0AAgM6w.jpg,0.0,0.0080860998215419
1296474653326745602,http://pbs.twimg.com/media/Ef4At8AWkAI2JF-.jpg,0.0,0.0080860998215419
1296474648004173829,http://pbs.twimg.com/media/Ef4A0PHXoAMVhYS.jpg,0.0,0.0075511883561765
1296474644489416707,http://pbs.twimg.com/media/Ef4Az1AUYAQwJIN.jpg,0.8896484375,0.0075511883561765
1296474644195807234,http://pbs.twimg.com/media/Ef4A0HdVAAA2xot.jpg,0.0,0.0075511883561765
1296474642824286213,http://pbs.twimg.com/media/Ef4A0SzXoAI7Zcq.jpg,0.0,0.0075511883561765
1296474640253157378,http://pbs.twimg.com/media/Ef4AxhCXkAY5-j1.png,0.95263671875,0.0075511883561765
1296474638856445954,http://pbs.twimg.com/media/Ef4A0CGXoAAzPsb.png,0.77099609375,0.0075511883561765
1296474638332067844,http://pbs.twimg.com/media/Ef4A0C8X0AI9Ia8.jpg,0.78271484375,0.0075511883561765
1296474638013399040,http://pbs.twimg.com/media/Ef4Az62XkAEERPK.jpg,0.7734375,0.0075511883561765
1296474637904359426,http://pbs.twimg.com/media/Ef4A0BHXYAQpJah.jpg,0.0,0.0075511883561765
1296474635899482112,http://pbs.twimg.com/media/Ef4Az6LXoAAXMMt.jpg,0.95361328125,0.0075511883561765
1296474634993491970,http://pbs.twimg.com/media/Ef4Az2vWoAApx8Y.jpg,0.94384765625,0.0075511883561765
1296474634771206151,http://pbs.twimg.com/media/Ef4Az1uWoAEUwsi.jpg,0.0,0.0075511883561765
1296474633378701313,http://pbs.twimg.com/media/Ef4Ax0HWAAEPZ8s.jpg,0.0,0.0075511883561765
1296474631822626816,http://pbs.twimg.com/media/Ef4AzqgX0AE5Adg.jpg,0.9072265625,0.0075511883561765
1296474626864947201,http://pbs.twimg.com/media/Ef4AzXPXgAIEWmn.jpg,0.85107421875,0.0075511883561765
1296474624964923392,http://pbs.twimg.com/media/Ef4AcfCXkAAR2aP.jpg,0.8974609375,0.0075511883561765
1296474623425601538,http://pbs.twimg.com/media/Ef4AyprXkAET98k.jpg,0.0,0.0075511883561765
1296474621995352064,http://pbs.twimg.com/media/Ef4AvuDWsAERCnW.jpg,0.0,0.0075511883561765
1296474618237276160,http://pbs.twimg.com/media/Ef4AytFXkAUS7So.jpg,0.0,0.0075511883561765
1296474614210625540,http://pbs.twimg.com/media/Ef4AykIXsAEiO_A.jpg,0.0,0.0075511883561765
1296474611392143362,http://pbs.twimg.com/media/Ef4AvmYUYAAYJQa.jpg,0.88330078125,0.0075511883561765
1296474609559232513,http://pbs.twimg.com/media/Ef4AH90XkAAdXiA.png,0.0,0.0075511883561765
1296474607743049729,http://pbs.twimg.com/media/Ef4AyDeWsAAeCOy.jpg,0.0,0.0075511883561765
1296474607692713993,http://pbs.twimg.com/media/Ef4AyQ6WoAQaOL7.jpg,0.5205078125,0.0075511883561765
1296474606774231041,http://pbs.twimg.com/media/Ef4AyL5XkAEGKsl.png,0.0,0.0075511883561765
1296474602865135616,http://pbs.twimg.com/media/Ef4Ax3YWkAMOu6n.jpg,0.0,0.0075511883561765
1296474600998567937,http://pbs.twimg.com/media/Ef4Ax5wXsAAAdON.jpg,0.0,0.0075511883561765
1296474600444956673,http://pbs.twimg.com/media/Ef4AxvFXoAUX8Yi.jpg,0.96142578125,0.0075511883561765
1296474600264675329,http://pbs.twimg.com/media/Ef4AxwfUwAU9s2e.jpg,0.6552734375,0.0074390264212965
1296474593956368390,http://pbs.twimg.com/media/Ef4AxSmXkAIsH5g.jpg,0.0,0.0074390264212965
1296474593868349441,http://pbs.twimg.com/media/Ef4AxR1XkAIcrRB.png,0.0,0.0074390264212965
1296474593809575936,http://pbs.twimg.com/media/Ef4AxeGWkAA2HOg.jpg,0.0,0.0074390264212965
1296474593075572739,http://pbs.twimg.com/media/Ef4AxX0WoAc_atx.jpg,0.0,0.0074390264212965
1296474591678930944,http://pbs.twimg.com/media/Ef4AeulX0AM2g8J.png,0.9326171875,0.0074390264212965
1296474591171411969,http://pbs.twimg.com/media/Ef4AxO8XgAABBWr.jpg,0.0,0.0074390264212965
1296474590546460673,http://pbs.twimg.com/media/Ef4Aw2WWsAYLD_-.jpg,0.0,0.0074390264212965
1296474589283979264,http://pbs.twimg.com/media/Ef4AxLmVoAAg5ps.jpg,0.84521484375,0.0074390264212965
1296474589275598848,http://pbs.twimg.com/media/Ef4AxLrUwAAMfAi.jpg,0.74072265625,0.0074390264212965
1296474588663164928,http://pbs.twimg.com/media/Ef4AxK8WkAEiSz3.png,0.0,0.0074390264212965
1296474584779296770,http://pbs.twimg.com/media/Ef4Aw7JX0AEO7AG.jpg,0.0,0.0074390264212965
1296474582782824453,http://pbs.twimg.com/media/Ef4AwznXoAEkEjI.jpg,0.9326171875,0.0074390264212965
1296474582661169152,http://pbs.twimg.com/media/Ef4AwaDXgAEg03N.png,0.0,0.0074390264212965
1296474582023639041,http://pbs.twimg.com/media/Ef4Awm4WsAUSbqC.jpg,0.76318359375,0.0074390264212965
1296474581377703936,http://pbs.twimg.com/media/Ef4AwvAXsAQ9niI.jpg,0.0,0.0074390264212965
1296474578458423296,http://pbs.twimg.com/media/Ef4Awh7WsAI4pE2.png,0.0,0.0074390264212965
1296474578416476162,http://pbs.twimg.com/media/Ef3_NMLXkAAgAAI.jpg,0.92138671875,0.0074390264212965
1296474573404172288,http://pbs.twimg.com/media/Ef27T6PXsAEVFf5.jpg,0.861328125,0.0074390264212965
1296474573299429385,http://pbs.twimg.com/media/Ef4Av6CWoAAZqO5.jpg,0.830078125,0.0074390264212965
1296474573299425281,http://pbs.twimg.com/media/Ef4AwRUWkAAyTp4.jpg,0.916015625,0.0074390264212965
1296474573257416704,http://pbs.twimg.com/media/Ef0FTEVXkAI2g3i.jpg,0.0,0.0074390264212965
1296474573207216128,http://pbs.twimg.com/media/Ef0K0KBXYAAnoGm.jpg,0.93212890625,0.0074390264212965
1296474573190438912,http://pbs.twimg.com/media/Ef30X89WAAYQHSn.jpg,0.0,0.0074390264212965
1296474573123104769,http://pbs.twimg.com/media/Ef3wG0VXgAE3L9N.jpg,0.9306640625,0.0074390264212965
1296474573039448071,http://pbs.twimg.com/media/Ef4AvzJXgAAItsY.jpg,0.9013671875,0.0074390264212965
1296474567372869633,http://pbs.twimg.com/media/Ef4AvsqWsAAEllK.jpg,0.9306640625,0.0074390264212965
1296474561098256390,http://pbs.twimg.com/media/Ef4AtOHWsAMz7IB.jpg,0.0,0.0074390264212965
1296474559118548992,http://pbs.twimg.com/media/Ef4AsmvUEAAH838.jpg,0.0,0.0074390264212965
1296474558124503042,http://pbs.twimg.com/media/Ef4AqlpXoAAOdeQ.jpg,0.0,0.0074390264212965
1296474556610359298,http://pbs.twimg.com/media/Ef4Auo7X0AAF6-i.jpg,0.32763671875,0.0074390264212965
1296474555263967233,http://pbs.twimg.com/media/Ef4AvMQWoAElVSH.jpg,0.0,0.0073886340484023
1296474553024217089,http://pbs.twimg.com/media/Ef4AqD_VAAApRy6.jpg,0.74853515625,0.0073886340484023
1296474548276269056,http://pbs.twimg.com/media/Ef4AdKkWkAA4_m6.png,0.8427734375,0.0073886340484023
1296474545742897156,http://pbs.twimg.com/media/Ef4AdXeWoAYzlci.jpg,0.94482421875,0.0073886340484023
1296474542169378816,http://pbs.twimg.com/media/Ef4APuzU4AANRGN.jpg,0.0,0.0073886340484023
1296474529074753537,http://pbs.twimg.com/media/Ef4AtUaX0AE50xV.jpg,0.927734375,0.0073886340484023
1296474525647986692,http://pbs.twimg.com/media/Ef4AliRWoAYl3O_.jpg,0.0,0.0073886340484023
1296474517309661187,http://pbs.twimg.com/media/Ef4As1DWkAMqQH1.jpg,0.0,0.0073886340484023
1296474516747673611,http://pbs.twimg.com/media/Ef4As5XXsAIOd-t.jpg,0.70751953125,0.0073886340484023
1296474511848726530,http://pbs.twimg.com/media/Ef4Ar-WXsAUc-4P.jpg,0.82177734375,0.0073886340484023
1296474509558587393,http://pbs.twimg.com/media/Ef4AsclWAAovzgs.jpg,0.0,0.0073886340484023
1296474509273452545,http://pbs.twimg.com/media/Ef4AsUfWoAceoC6.jpg,0.0,0.0073886340484023
1296474508002578433,http://pbs.twimg.com/media/Ef4AreEXYAMGrNI.jpg,0.8330078125,0.0073886340484023
1296474496539426822,http://pbs.twimg.com/media/Ef4ArLxWsAA7r0A.jpg,0.0,0.0073886340484023
1296474495318994944,http://pbs.twimg.com/media/Ef4Arl2XkAIVCt7.jpg,0.0,0.0073886340484023
1296474493116977153,http://pbs.twimg.com/tweet_video_thumb/Ef4ArAiWkAIbLTv.jpg,0.84619140625,0.0073886340484023
1296474492433309701,http://pbs.twimg.com/media/Ef4Aq3dXgAMD4-n.jpg,0.0,0.0073886340484023
1296474492378779650,http://pbs.twimg.com/media/Ef4AlnWUYAAV5Fc.jpg,0.91748046875,0.0073886340484023
1296474489010769921,http://pbs.twimg.com/media/Ef4ArW4XoAEe8A3.jpg,0.93505859375,0.0073886340484023
1296474485688852480,http://pbs.twimg.com/media/Ef4ArKdXkAIbZCV.jpg,0.841796875,0.0073886340484023
